rosbagTimestamp,header,seq,stamp,secs,nsecs,frame_id,name,position,velocity,effort
17583000000,,134,,17,581000000,'',"[x_thr_left, x_thr_right, y_thr_left, y_thr_right]",[],[],"[0.07141640776651846, 0.07593280434720272, -0.0024103837967857323, -0.00752534411528519]"
17682000000,,135,,17,681000000,'',"[x_thr_left, x_thr_right, y_thr_left, y_thr_right]",[],[],"[0.10263149308925376, 0.09458582693164902, -0.01634113169260607, -0.0072291632467776585]"
17781000000,,136,,17,781000000,'',"[x_thr_left, x_thr_right, y_thr_left, y_thr_right]",[],[],"[0.08774253765573851, 0.09102921429780018, -0.004835793928784011, -0.008558057973483442]"
17882000000,,137,,17,881000000,'',"[x_thr_left, x_thr_right, y_thr_left, y_thr_right]",[],[],"[0.09422573376774492, 0.09629203776112212, -0.0051476604956180155, -0.007487814364585855]"
17982000000,,138,,17,982000000,'',"[x_thr_left, x_thr_right, y_thr_left, y_thr_right]",[],[],"[0.08631795168823676, 0.09559847568299192, -0.002103791392585588, -0.012614274942916956]"
18082000000,,139,,18,81000000,'',"[x_thr_left, x_thr_right, y_thr_left, y_thr_right]",[],[],"[0.08666049748254709, 0.09596179303954616, 0.001794636869601956, -0.008739371124327919]"
18181000000,,140,,18,181000000,'',"[x_thr_left, x_thr_right, y_thr_left, y_thr_right]",[],[],"[0.11789135684862334, 0.11017377450328367, 0.005871696389243925, 0.01461209966117796]"
18282000000,,141,,18,281000000,'',"[x_thr_left, x_thr_right, y_thr_left, y_thr_right]",[],[],"[0.07093501565302085, 0.08844354207509492, -0.002486622629810918, -0.022315576151589585]"
18381000000,,142,,18,381000000,'',"[x_thr_left, x_thr_right, y_thr_left, y_thr_right]",[],[],"[0.08802903738889598, 0.09668507799985157, 0.0015874445029482932, -0.008215792092729454]"
18481000000,,143,,18,481000000,'',"[x_thr_left, x_thr_right, y_thr_left, y_thr_right]",[],[],"[0.09715423344422487, 0.09957566799227831, 0.011270728453608374, 0.00852837812943456]"
18582000000,,144,,18,581000000,'',"[x_thr_left, x_thr_right, y_thr_left, y_thr_right]",[],[],"[0.11220066760604717, 0.104631785095765, 0.015553215808496492, 0.024125211868597222]"
18682000000,,145,,18,681000000,'',"[x_thr_left, x_thr_right, y_thr_left, y_thr_right]",[],[],"[0.09162439668989618, 0.09500604985582332, 0.007917710868477248, 0.004087882941359101]"
18782000000,,146,,18,781000000,'',"[x_thr_left, x_thr_right, y_thr_left, y_thr_right]",[],[],"[0.08849991536906769, 0.09110312747749953, 0.00936997480340928, 0.006421755709405621]"
18882000000,,147,,18,882000000,'',"[x_thr_left, x_thr_right, y_thr_left, y_thr_right]",[],[],"[0.09036888409846237, 0.09202739337819764, 0.014827434974885496, 0.01294912136753091]"
18982000000,,148,,18,981000000,'',"[x_thr_left, x_thr_right, y_thr_left, y_thr_right]",[],[],"[0.08943412524033521, 0.08861350230258395, 0.013889614684091205, 0.014818995815278794]"
19081000000,,149,,19,81000000,'',"[x_thr_left, x_thr_right, y_thr_left, y_thr_right]",[],[],"[0.08097355781616282, 0.08293394785074738, 0.01635840302864285, 0.01413820002907309]"
19182000000,,150,,19,181000000,'',"[x_thr_left, x_thr_right, y_thr_left, y_thr_right]",[],[],"[0.09113875065589652, 0.0848724146422756, 0.023281110417005584, 0.030377931849635192]"
19282000000,,151,,19,281000000,'',"[x_thr_left, x_thr_right, y_thr_left, y_thr_right]",[],[],"[0.07999109745282379, 0.07735672683469125, 0.016447155476009074, 0.019430662556321174]"
19381000000,,152,,19,381000000,'',"[x_thr_left, x_thr_right, y_thr_left, y_thr_right]",[],[],"[0.0791101120209014, 0.076691054679841, 0.017662724460925292, 0.02040238252386362]"
19482000000,,153,,19,481000000,'',"[x_thr_left, x_thr_right, y_thr_left, y_thr_right]",[],[],"[0.06234419279970703, 0.06585621324957393, 0.01941556151275143, 0.015438088561050141]"
19583000000,,154,,19,581000000,'',"[x_thr_left, x_thr_right, y_thr_left, y_thr_right]",[],[],"[0.06222807403008057, 0.07170087731831318, 0.06935395155513142, 0.05862570569393204]"
19682000000,,155,,19,682000000,'',"[x_thr_left, x_thr_right, y_thr_left, y_thr_right]",[],[],"[0.05506038310979164, 0.057870043575878174, 0.016133601692403708, 0.012951573379400247]"
19782000000,,156,,19,781000000,'',"[x_thr_left, x_thr_right, y_thr_left, y_thr_right]",[],[],"[0.04417740058139603, 0.0363986343073632, -0.03787054144345376, -0.02906084545955242]"
19882000000,,157,,19,882000000,'',"[x_thr_left, x_thr_right, y_thr_left, y_thr_right]",[],[],"[0.07867290930127598, 0.07268802994557132, 0.06389041092594237, 0.07066847389462834]"
19981000000,,158,,19,981000000,'',"[x_thr_left, x_thr_right, y_thr_left, y_thr_right]",[],[],"[-0.02323112435184235, 0.07510115278720884, 0.23848027817067857, 0.12711590026263037]"
20082000000,,159,,20,81000000,'',"[x_thr_left, x_thr_right, y_thr_left, y_thr_right]",[],[],"[0.04489877526867329, 0.04282846291246347, 0.020260747751577827, 0.022605441216762393]"
20183000000,,160,,20,182000000,'',"[x_thr_left, x_thr_right, y_thr_left, y_thr_right]",[],[],"[0.06891270526827414, 0.04288438263751443, 0.015468326103078614, 0.04494621517571336]"
20281000000,,161,,20,281000000,'',"[x_thr_left, x_thr_right, y_thr_left, y_thr_right]",[],[],"[0.02986297396585602, 0.022033999720543818, 0.011769228827843675, 0.02063578690881255]"
20382000000,,162,,20,381000000,'',"[x_thr_left, x_thr_right, y_thr_left, y_thr_right]",[],[],"[0.03608753930957862, 0.021816277636279167, 0.004046322891693878, 0.020208972882627463]"
20483000000,,163,,20,482000000,'',"[x_thr_left, x_thr_right, y_thr_left, y_thr_right]",[],[],"[0.014685992802471333, 0.009472999385255648, 0.01515591144752205, 0.021059789460293316]"
20583000000,,164,,20,582000000,'',"[x_thr_left, x_thr_right, y_thr_left, y_thr_right]",[],[],"[0.0377234837427535, 0.01714072256561191, 0.007726335042393194, 0.031036955530525795]"
20681000000,,165,,20,681000000,'',"[x_thr_left, x_thr_right, y_thr_left, y_thr_right]",[],[],"[0.04280242550126283, 0.01910937767427129, 0.0015062106321506123, 0.02833932798452688]"
20782000000,,166,,20,782000000,'',"[x_thr_left, x_thr_right, y_thr_left, y_thr_right]",[],[],"[0.035846999459419895, 0.01370207784187889, 0.01374878516011653, 0.03882860118301372]"
20882000000,,167,,20,881000000,'',"[x_thr_left, x_thr_right, y_thr_left, y_thr_right]",[],[],"[0.010894090403262384, 0.0042975527509965476, -0.00045599384691450816, 0.007014791264191789]"
20982000000,,168,,20,981000000,'',"[x_thr_left, x_thr_right, y_thr_left, y_thr_right]",[],[],"[0.022769157583694626, 0.008471730726215144, 0.0065186656427017025, 0.02271094852269101]"
21081000000,,169,,21,81000000,'',"[x_thr_left, x_thr_right, y_thr_left, y_thr_right]",[],[],"[-0.0032977512401925002, -0.004143167588238579, -0.0015316166504724547, -0.0005741562070383066]"
21183000000,,170,,21,182000000,'',"[x_thr_left, x_thr_right, y_thr_left, y_thr_right]",[],[],"[0.00224465088796864, -0.008621142996890954, -0.03433322677577014, -0.02202737551643929]"
21282000000,,171,,21,282000000,'',"[x_thr_left, x_thr_right, y_thr_left, y_thr_right]",[],[],"[-0.001931226400421563, 0.0030500823090268176, 0.021903131659716607, 0.016261643821382447]"
21383000000,,172,,21,382000000,'',"[x_thr_left, x_thr_right, y_thr_left, y_thr_right]",[],[],"[0.008273576709670862, 0.0005818874362864671, 0.000652149705209968, 0.009363228263689545]"
21482000000,,173,,21,481000000,'',"[x_thr_left, x_thr_right, y_thr_left, y_thr_right]",[],[],"[-0.006634411999083269, -0.006391269872018213, -0.0031765158254519997, -0.0034518818854238397]"
21581000000,,174,,21,581000000,'',"[x_thr_left, x_thr_right, y_thr_left, y_thr_right]",[],[],"[-0.008570708439400795, -0.00574187871844315, -0.005597048997226741, -0.00880078709063794]"
21682000000,,175,,21,682000000,'',"[x_thr_left, x_thr_right, y_thr_left, y_thr_right]",[],[],"[-0.0029089383237086777, -0.004347955552166078, -0.0031714079712402764, -0.0015416759736836048]"
21782000000,,176,,21,781000000,'',"[x_thr_left, x_thr_right, y_thr_left, y_thr_right]",[],[],"[-0.016772984676246393, -0.011186700589627497, -0.004677214005897235, -0.01100385537152142]"
21882000000,,177,,21,882000000,'',"[x_thr_left, x_thr_right, y_thr_left, y_thr_right]",[],[],"[-0.030890409043698303, -0.01741857422367745, -0.007870271249130027, -0.023127545337169934]"
21982000000,,178,,21,982000000,'',"[x_thr_left, x_thr_right, y_thr_left, y_thr_right]",[],[],"[-0.041824673395329824, -0.027404967493625015, -0.011079490349567568, -0.02741025806981018]"
22082000000,,179,,22,81000000,'',"[x_thr_left, x_thr_right, y_thr_left, y_thr_right]",[],[],"[-0.04121151695182437, -0.02595168377651674, -0.012228131670121399, -0.029510369791644966]"
22183000000,,180,,22,182000000,'',"[x_thr_left, x_thr_right, y_thr_left, y_thr_right]",[],[],"[0.004354784540457317, -0.003735374352202913, -0.0058812426189217, 0.003281115240281884]"
22284000000,,181,,22,283000000,'',"[x_thr_left, x_thr_right, y_thr_left, y_thr_right]",[],[],"[-0.004819002190649384, -0.009740591962390965, -0.006007784740285443, -0.00043393046582820404]"
22382000000,,182,,22,381000000,'',"[x_thr_left, x_thr_right, y_thr_left, y_thr_right]",[],[],"[-0.02801671758117548, -0.020946663815173495, -0.008870286797152769, -0.016877343710051]"
22481000000,,183,,22,481000000,'',"[x_thr_left, x_thr_right, y_thr_left, y_thr_right]",[],[],"[-0.01730679073842226, -0.016792951350440215, -0.015418905430560933, -0.01600084460101616]"
22581000000,,184,,22,581000000,'',"[x_thr_left, x_thr_right, y_thr_left, y_thr_right]",[],[],"[-0.04567970313583916, -0.030594082209481607, -0.01904700804094669, -0.036131945344338556]"
22682000000,,185,,22,681000000,'',"[x_thr_left, x_thr_right, y_thr_left, y_thr_right]",[],[],"[-0.056224108237503886, -0.038910438362669775, -0.03751519452582971, -0.057123466916284595]"
22782000000,,186,,22,782000000,'',"[x_thr_left, x_thr_right, y_thr_left, y_thr_right]",[],[],"[-0.007880367537619587, -0.010791090669245565, 0.007922851715650447, 0.011219336656782368]"
22882000000,,187,,22,882000000,'',"[x_thr_left, x_thr_right, y_thr_left, y_thr_right]",[],[],"[-0.01448244492870284, -0.01792511189071741, -0.016348742458351183, -0.012449814499760407]"
22982000000,,188,,22,981000000,'',"[x_thr_left, x_thr_right, y_thr_left, y_thr_right]",[],[],"[-0.08299946414979487, -0.05186469106280489, -0.02022452458436261, -0.05548562843572345]"
23082000000,,189,,23,81000000,'',"[x_thr_left, x_thr_right, y_thr_left, y_thr_right]",[],[],"[-0.011934011522861332, -0.01796144445988238, -0.026587541121083122, -0.019761284891253013]"
23181000000,,190,,23,181000000,'',"[x_thr_left, x_thr_right, y_thr_left, y_thr_right]",[],[],"[-0.023988350524637266, -0.027923886464484637, -0.008467157471642603, -0.004010039987664267]"
23281000000,,191,,23,281000000,'',"[x_thr_left, x_thr_right, y_thr_left, y_thr_right]",[],[],"[-0.05399099648007113, -0.0373934013698058, 0.004587922590053354, -0.014209372743711517]"
23382000000,,192,,23,382000000,'',"[x_thr_left, x_thr_right, y_thr_left, y_thr_right]",[],[],"[0.030524920840732363, -0.0015476011232952794, -0.021230040464003723, 0.015093093306359147]"
23482000000,,193,,23,481000000,'',"[x_thr_left, x_thr_right, y_thr_left, y_thr_right]",[],[],"[-0.007521455754311351, -0.019532262104927235, -0.01849794496719114, -0.004895331295192947]"
23582000000,,194,,23,581000000,'',"[x_thr_left, x_thr_right, y_thr_left, y_thr_right]",[],[],"[-0.03434307151605964, -0.03469810142148774, -0.0434888978583263, -0.043086815391540315]"
23682000000,,195,,23,681000000,'',"[x_thr_left, x_thr_right, y_thr_left, y_thr_right]",[],[],"[0.011687529318550646, -0.0035133950024302443, -0.029849569191695416, -0.01263404718929616]"
23781000000,,196,,23,781000000,'',"[x_thr_left, x_thr_right, y_thr_left, y_thr_right]",[],[],"[-0.005682698858322326, -0.018356836198493577, -0.009625836342840649, 0.004728020411777322]"
23882000000,,197,,23,882000000,'',"[x_thr_left, x_thr_right, y_thr_left, y_thr_right]",[],[],"[0.0006592646698037998, -0.01430297790858404, -0.04504573514676495, -0.02810052767948316]"
23981000000,,198,,23,981000000,'',"[x_thr_left, x_thr_right, y_thr_left, y_thr_right]",[],[],"[-0.03935985028013111, -0.03012190445064545, -0.015432050145806807, -0.0258943125928986]"
24082000000,,199,,24,82000000,'',"[x_thr_left, x_thr_right, y_thr_left, y_thr_right]",[],[],"[0.00966681309498961, -0.0010327188534173986, -0.00773105778638543, 0.0043864966322585425]"
24182000000,,200,,24,182000000,'',"[x_thr_left, x_thr_right, y_thr_left, y_thr_right]",[],[],"[-0.017266984469618524, -0.014727588953200102, -0.01104048158827579, -0.01391642639680006]"
24281000000,,201,,24,281000000,'',"[x_thr_left, x_thr_right, y_thr_left, y_thr_right]",[],[],"[0.017034264650331466, -0.005916006994863768, -0.04957116372901215, -0.02357926362307155]"
24382000000,,202,,24,381000000,'',"[x_thr_left, x_thr_right, y_thr_left, y_thr_right]",[],[],"[-0.022173518555822756, -0.006888535106103089, 0.02615256757568704, 0.008841845982147954]"
24481000000,,203,,24,481000000,'',"[x_thr_left, x_thr_right, y_thr_left, y_thr_right]",[],[],"[0.024931942139355824, 0.008874395959007977, -0.008677752574963905, 0.009507920462745312]"
24582000000,,204,,24,582000000,'',"[x_thr_left, x_thr_right, y_thr_left, y_thr_right]",[],[],"[-0.008607235669103767, -0.005225094255608821, -0.0018869458011915858, -0.005717326683943771]"
24681000000,,205,,24,681000000,'',"[x_thr_left, x_thr_right, y_thr_left, y_thr_right]",[],[],"[0.004396373229445028, 0.003657648054983868, 0.010641337536659884, 0.011477966890646542]"
24782000000,,206,,24,781000000,'',"[x_thr_left, x_thr_right, y_thr_left, y_thr_right]",[],[],"[-0.021032133774588346, -0.009973953948963167, 0.004665999150097951, -0.007857735201488733]"
24881000000,,207,,24,881000000,'',"[x_thr_left, x_thr_right, y_thr_left, y_thr_right]",[],[],"[-0.010472045083088292, -0.0011694261959464096, 0.002892948445401066, -0.007642558261285293]"
24982000000,,208,,24,982000000,'',"[x_thr_left, x_thr_right, y_thr_left, y_thr_right]",[],[],"[-0.01584848532126691, -0.0037557855092788953, 0.004048149301484949, -0.009647211275657597]"
25083000000,,209,,25,82000000,'',"[x_thr_left, x_thr_right, y_thr_left, y_thr_right]",[],[],"[-0.00830801756613517, 0.00019877094457321134, 0.0038998361593653493, -0.005734367766886897]"
25182000000,,210,,25,182000000,'',"[x_thr_left, x_thr_right, y_thr_left, y_thr_right]",[],[],"[-0.009600375822198382, -0.0006396485906765906, 0.004672822126272815, -0.005475481592261005]"
25281000000,,211,,25,281000000,'',"[x_thr_left, x_thr_right, y_thr_left, y_thr_right]",[],[],"[-0.011861635796991765, -0.00261370106190386, 0.0026823725445178468, -0.0077912026504400825]"
25382000000,,212,,25,381000000,'',"[x_thr_left, x_thr_right, y_thr_left, y_thr_right]",[],[],"[-0.0218121630880341, -0.0066918414444447185, 0.004712938040170658, -0.012411298910294577]"
25482000000,,213,,25,482000000,'',"[x_thr_left, x_thr_right, y_thr_left, y_thr_right]",[],[],"[0.0025444011012966676, 0.003124661017573148, 0.0013556999633169298, 0.0006985374681402222]"
25582000000,,214,,25,581000000,'',"[x_thr_left, x_thr_right, y_thr_left, y_thr_right]",[],[],"[-0.0023919906048982032, 0.0006933995688202786, 0.005522953942852179, 0.002028653116137092]"
25681000000,,215,,25,681000000,'',"[x_thr_left, x_thr_right, y_thr_left, y_thr_right]",[],[],"[-0.0013234562828058861, 0.0013234562828058861, 0.0049200889602731505, 0.0019223777323564457]"
25782000000,,216,,25,781000000,'',"[x_thr_left, x_thr_right, y_thr_left, y_thr_right]",[],[],"[9.941029588201305e-05, -9.941029588201305e-05, 0.005314403358150215, 0.005539573893820822]"
25882000000,,217,,25,881000000,'',"[x_thr_left, x_thr_right, y_thr_left, y_thr_right]",[],[],"[0.0015128899714366097, -0.0015128899714366097, 0.015057595117226178, 0.01848438549398341]"
25983000000,,218,,25,982000000,'',"[x_thr_left, x_thr_right, y_thr_left, y_thr_right]",[],[],"[0.000244656507464681, -0.000244656507464681, 0.005936968244645901, 0.006491130530879372]"
26081000000,,219,,26,81000000,'',"[x_thr_left, x_thr_right, y_thr_left, y_thr_right]",[],[],"[0.0007135417965849261, -0.0007135417965849261, 0.005416609431089687, 0.007032826213615793]"
26182000000,,220,,26,181000000,'',"[x_thr_left, x_thr_right, y_thr_left, y_thr_right]",[],[],"[0.000992787626819795, -0.000992787626819795, 0.0054888928895158165, 0.007737618937001729]"
26282000000,,221,,26,281000000,'',"[x_thr_left, x_thr_right, y_thr_left, y_thr_right]",[],[],"[-0.003269025582653981, 0.003269025582653981, 0.005869982750290777, -0.0015345645859404363]"
26382000000,,222,,26,381000000,'',"[x_thr_left, x_thr_right, y_thr_left, y_thr_right]",[],[],"[0.0021551339219114934, -0.0021551339219114934, 0.003765348586823166, 0.008646861666863313]"
26482000000,,223,,26,481000000,'',"[x_thr_left, x_thr_right, y_thr_left, y_thr_right]",[],[],"[0.003559314603662101, -0.003559314603662101, 0.0024405605778890747, 0.010502630696642468]"
26581000000,,224,,26,581000000,'',"[x_thr_left, x_thr_right, y_thr_left, y_thr_right]",[],[],"[0.003911608956236487, -0.003911608956236487, 0.0033330083242485093, 0.012193047178323386]"
26682000000,,225,,26,681000000,'',"[x_thr_left, x_thr_right, y_thr_left, y_thr_right]",[],[],"[-0.002963289809124581, 0.002963289809124581, 0.004406146497394582, -0.0023058901960658885]"
26781000000,,226,,26,781000000,'',"[x_thr_left, x_thr_right, y_thr_left, y_thr_right]",[],[],"[-0.0011249247548454184, 0.0011249247548454184, 0.01264562022006442, 0.010097595315900538]"
26881000000,,227,,26,881000000,'',"[x_thr_left, x_thr_right, y_thr_left, y_thr_right]",[],[],"[0.0028177295764248264, -0.0028177295764248264, 0.007454061676105916, 0.013836395341539565]"
26982000000,,228,,26,981000000,'',"[x_thr_left, x_thr_right, y_thr_left, y_thr_right]",[],[],"[-0.009577895249816611, 0.009577895249816611, 0.01424943434327025, -0.007445097242852822]"
27082000000,,229,,27,82000000,'',"[x_thr_left, x_thr_right, y_thr_left, y_thr_right]",[],[],"[0.007273613161238545, -0.007273613161238545, 0.007099355665555567, 0.02357454424884598]"
27181000000,,230,,27,181000000,'',"[x_thr_left, x_thr_right, y_thr_left, y_thr_right]",[],[],"[0.004085836461170704, -0.004085836461170704, 0.005611824683895723, 0.014866499729991926]"
27282000000,,231,,27,281000000,'',"[x_thr_left, x_thr_right, y_thr_left, y_thr_right]",[],[],"[-0.0008841229327061649, 0.0008841229327061649, 0.016250960874452526, 0.014248367153250896]"
27382000000,,232,,27,381000000,'',"[x_thr_left, x_thr_right, y_thr_left, y_thr_right]",[],[],"[0.009007881700497749, -0.009007881700497749, -0.00017382486761856157, 0.020229590389950702]"
27477000000,,233,,27,482000000,'',"[x_thr_left, x_thr_right, y_thr_left, y_thr_right]",[],[],"[0.005879361701883366, -0.005879361701883366, -0.000998975948033179, 0.01231814590608119]"
27582000000,,234,,27,581000000,'',"[x_thr_left, x_thr_right, y_thr_left, y_thr_right]",[],[],"[-0.004998647312075407, 0.004998647312075407, 0.0109759914157023, -0.0003462572799895333]"
27682000000,,235,,27,681000000,'',"[x_thr_left, x_thr_right, y_thr_left, y_thr_right]",[],[],"[0.006410400386748585, -0.006410400386748585, 0.009641262781598048, 0.02416122045942664]"
27782000000,,236,,27,781000000,'',"[x_thr_left, x_thr_right, y_thr_left, y_thr_right]",[],[],"[0.001180039691627878, -0.001180039691627878, 0.008459371538219164, 0.011132235220184167]"
27884000000,,237,,27,883000000,'',"[x_thr_left, x_thr_right, y_thr_left, y_thr_right]",[],[],"[0.0031499446094812237, -0.0031499446094812237, 0.0030120820735387924, 0.010146903560152666]"
27982000000,,238,,27,981000000,'',"[x_thr_left, x_thr_right, y_thr_left, y_thr_right]",[],[],"[-0.002745730350984615, 0.002745730350984615, 0.008638218695059704, 0.002418967776904896]"
28083000000,,239,,28,82000000,'',"[x_thr_left, x_thr_right, y_thr_left, y_thr_right]",[],[],"[-0.000502596087792918, 0.000502596087792918, 0.01018454274024624, 0.009046131177236703]"
28181000000,,240,,28,181000000,'',"[x_thr_left, x_thr_right, y_thr_left, y_thr_right]",[],[],"[-0.0027228503064212124, 0.0027228503064212124, 0.007746266464222124, 0.0015788402775480828]"
28281000000,,241,,28,281000000,'',"[x_thr_left, x_thr_right, y_thr_left, y_thr_right]",[],[],"[-7.755654617003391e-05, 7.755654617003391e-05, 0.010360835219166782, 0.010185164792970733]"
28382000000,,242,,28,381000000,'',"[x_thr_left, x_thr_right, y_thr_left, y_thr_right]",[],[],"[0.0025672567670244426, -0.0025672567670244426, -0.026527736685348628, -0.02071273959368944]"
28481000000,,243,,28,481000000,'',"[x_thr_left, x_thr_right, y_thr_left, y_thr_right]",[],[],"[-0.0022147604955059445, 0.0022147604955059445, 0.03679378903778254, 0.03177721804047796]"
28582000000,,244,,28,582000000,'',"[x_thr_left, x_thr_right, y_thr_left, y_thr_right]",[],[],"[-0.0016754104867184986, 0.0016754104867184986, -0.003401335567182206, -0.0071962450724341286]"
28681000000,,245,,28,681000000,'',"[x_thr_left, x_thr_right, y_thr_left, y_thr_right]",[],[],"[1.3874786281123577, 1.3925213718876421, 0.013304899770112415, 0.007593834799145367]"
28781000000,,246,,28,781000000,'',"[x_thr_left, x_thr_right, y_thr_left, y_thr_right]",[],[],"[1.3890066953656237, 1.390993304634376, 0.021391942018892465, 0.01914204491696631]"
28881000000,,247,,28,881000000,'',"[x_thr_left, x_thr_right, y_thr_left, y_thr_right]",[],[],"[1.38987700870354, 1.3901229912964599, 0.0035292030635193095, 0.0032506200871687254]"
28982000000,,248,,28,981000000,'',"[x_thr_left, x_thr_right, y_thr_left, y_thr_right]",[],[],"[1.3938381269240645, 1.3861618730759353, 0.00233741228311454, 0.011031009739952857]"
29082000000,,249,,29,81000000,'',"[x_thr_left, x_thr_right, y_thr_left, y_thr_right]",[],[],"[1.3884638481900033, 1.3915361518099965, 0.005656713716476742, 0.0021772338209656112]"
29182000000,,250,,29,182000000,'',"[x_thr_left, x_thr_right, y_thr_left, y_thr_right]",[],[],"[1.3903813949128616, 1.3896186050871382, 0.002622760721885763, 0.003486644045732322]"
29281000000,,251,,29,281000000,'',"[x_thr_left, x_thr_right, y_thr_left, y_thr_right]",[],[],"[1.3898858023236498, 1.39011419767635, -0.0029939248669332615, -0.003252589743925419]"
29383000000,,252,,29,383000000,'',"[x_thr_left, x_thr_right, y_thr_left, y_thr_right]",[],[],"[1.3911513449236896, 1.3888486550763102, 0.006854943108640502, 0.009462811347123009]"
29482000000,,253,,29,481000000,'',"[x_thr_left, x_thr_right, y_thr_left, y_thr_right]",[],[],"[1.3932719219061815, 1.3867280780938183, -0.005013975039604987, 0.0023971326505049864]"
29581000000,,254,,29,581000000,'',"[x_thr_left, x_thr_right, y_thr_left, y_thr_right]",[],[],"[1.3935115674620455, 1.3864884325379543, -0.0017750549374315988, 0.006178864920233548]"
29682000000,,255,,29,681000000,'',"[x_thr_left, x_thr_right, y_thr_left, y_thr_right]",[],[],"[1.3934685694365254, 1.3865314305634744, -0.0021502270219448502, 0.005706299619522237]"
29782000000,,256,,29,781000000,'',"[x_thr_left, x_thr_right, y_thr_left, y_thr_right]",[],[],"[1.399023699109076, 1.3809763008909237, -0.01478776163128662, 0.0056514810456753245]"
29881000000,,257,,29,881000000,'',"[x_thr_left, x_thr_right, y_thr_left, y_thr_right]",[],[],"[1.3974639732774294, 1.3825360267225704, -0.01100090214543279, 0.005905464003046036]"
29982000000,,258,,29,982000000,'',"[x_thr_left, x_thr_right, y_thr_left, y_thr_right]",[],[],"[1.3995363606447573, 1.3804636393552425, -0.014887275249625668, 0.0067131778591415555]"
30082000000,,259,,30,82000000,'',"[x_thr_left, x_thr_right, y_thr_left, y_thr_right]",[],[],"[1.3985674838184727, 1.381432516181527, -0.014001542971610392, 0.005404343547874651]"
30182000000,,260,,30,181000000,'',"[x_thr_left, x_thr_right, y_thr_left, y_thr_right]",[],[],"[1.398379763202797, 1.3816202367972028, -0.012772272002962637, 0.006208415585032575]"
30282000000,,261,,30,282000000,'',"[x_thr_left, x_thr_right, y_thr_left, y_thr_right]",[],[],"[1.3988891247934634, 1.3811108752065364, -0.010973065200503911, 0.009161358237513453]"
30382000000,,262,,30,382000000,'',"[x_thr_left, x_thr_right, y_thr_left, y_thr_right]",[],[],"[1.397623403061473, 1.3823765969385269, -0.007925465725684715, 0.009342018851789596]"
30482000000,,263,,30,481000000,'',"[x_thr_left, x_thr_right, y_thr_left, y_thr_right]",[],[],"[1.3963419560148767, 1.3836580439851232, -0.0034208549226262225, 0.010944071973518332]"
30583000000,,264,,30,582000000,'',"[x_thr_left, x_thr_right, y_thr_left, y_thr_right]",[],[],"[1.3947198232549407, 1.385280176745059, 0.0021966880761834263, 0.012887382849358222]"
30682000000,,265,,30,681000000,'',"[x_thr_left, x_thr_right, y_thr_left, y_thr_right]",[],[],"[1.3941418370927134, 1.3858581629072864, 0.002446758579815885, 0.011828278557722205]"
30782000000,,266,,30,781000000,'',"[x_thr_left, x_thr_right, y_thr_left, y_thr_right]",[],[],"[1.3943067449704218, 1.385693255029578, 0.006672529776476341, 0.016427576408040368]"
30882000000,,267,,30,881000000,'',"[x_thr_left, x_thr_right, y_thr_left, y_thr_right]",[],[],"[1.3920471331726787, 1.387952866827321, 0.008878580222366286, 0.013515464852789937]"
30982000000,,268,,30,981000000,'',"[x_thr_left, x_thr_right, y_thr_left, y_thr_right]",[],[],"[1.3909499089020314, 1.3890500910979684, 0.016175105848675098, 0.018326708903579812]"
31082000000,,269,,31,82000000,'',"[x_thr_left, x_thr_right, y_thr_left, y_thr_right]",[],[],"[1.3916757441143415, 1.3883242558856583, 0.015189916969690484, 0.01898558216236823]"
31182000000,,270,,31,181000000,'',"[x_thr_left, x_thr_right, y_thr_left, y_thr_right]",[],[],"[1.3905417206064759, 1.389458279393524, 0.015546679072322283, 0.01677371011635797]"
31282000000,,271,,31,281000000,'',"[x_thr_left, x_thr_right, y_thr_left, y_thr_right]",[],[],"[1.3924513655136774, 1.3875486344863224, 0.010472048547388087, 0.016024544704268413]"
31382000000,,272,,31,382000000,'',"[x_thr_left, x_thr_right, y_thr_left, y_thr_right]",[],[],"[1.391209089282584, 1.388790910717416, 0.0116260386997967, 0.014364701521564714]"
31481000000,,273,,31,481000000,'',"[x_thr_left, x_thr_right, y_thr_left, y_thr_right]",[],[],"[1.3919954586766436, 1.3880045413233562, 0.011684116982013841, 0.016203955648038226]"
31581000000,,274,,31,581000000,'',"[x_thr_left, x_thr_right, y_thr_left, y_thr_right]",[],[],"[1.3908929970283757, 1.3891070029716241, 0.012697646550655622, 0.014720340653389764]"
31682000000,,275,,31,681000000,'',"[x_thr_left, x_thr_right, y_thr_left, y_thr_right]",[],[],"[1.3905396019090803, 1.3894603980909195, 0.016923789343215073, 0.018146021405180828]"
31782000000,,276,,31,781000000,'',"[x_thr_left, x_thr_right, y_thr_left, y_thr_right]",[],[],"[0.0034679182877250963, -0.0034679182877250963, 0.011340003208151758, 0.01919505495687353]"
31882000000,,277,,31,882000000,'',"[x_thr_left, x_thr_right, y_thr_left, y_thr_right]",[],[],"[0.002941316752219915, -0.002941316752219915, 0.008796755457305856, 0.01545902180304081]"
31982000000,,278,,31,981000000,'',"[x_thr_left, x_thr_right, y_thr_left, y_thr_right]",[],[],"[0.0018512569073050116, -0.0018512569073050116, 0.008605118921750587, 0.012798331564196855]"
32082000000,,279,,32,81000000,'',"[x_thr_left, x_thr_right, y_thr_left, y_thr_right]",[],[],"[0.003693867276671502, -0.003693867276671502, -0.012423492266830618, -0.004056651930982229]"
32182000000,,280,,32,181000000,'',"[x_thr_left, x_thr_right, y_thr_left, y_thr_right]",[],[],"[0.002233119364436937, -0.002233119364436937, -0.020515323838998074, -0.015457168855700691]"
32280000000,,281,,32,281000000,'',"[x_thr_left, x_thr_right, y_thr_left, y_thr_right]",[],[],"[-0.0009852564075856522, 0.0009852564075856522, 0.005332488934646152, 0.0031008215696051375]"
32382000000,,282,,32,381000000,'',"[x_thr_left, x_thr_right, y_thr_left, y_thr_right]",[],[],"[-0.0002480126861235804, 0.0002480126861235804, 0.0009632926513966595, 0.0004015284106601299]"
32483000000,,283,,32,482000000,'',"[x_thr_left, x_thr_right, y_thr_left, y_thr_right]",[],[],"[-0.0004876417708866715, 0.0004876417708866715, -0.0006673014955603751, -0.0017718405957782902]"
32582000000,,284,,32,582000000,'',"[x_thr_left, x_thr_right, y_thr_left, y_thr_right]",[],[],"[-0.0006991612191242567, 0.0006991612191242567, 0.000678331425136664, -0.0009053124503143569]"
32681000000,,285,,32,681000000,'',"[x_thr_left, x_thr_right, y_thr_left, y_thr_right]",[],[],"[-0.00020873050395660742, 0.00020873050395660742, -0.005733547892449452, -0.006206335534511074]"
32782000000,,286,,32,781000000,'',"[x_thr_left, x_thr_right, y_thr_left, y_thr_right]",[],[],"[-0.0019969992141541924, 0.0019969992141541924, 0.019228172897989445, 0.014704844818183956]"
32881000000,,287,,32,881000000,'',"[x_thr_left, x_thr_right, y_thr_left, y_thr_right]",[],[],"[-0.0006291014146318166, 0.0006291014146318166, 0.0001856139593581688, -0.001239340078520453]"
32982000000,,288,,32,982000000,'',"[x_thr_left, x_thr_right, y_thr_left, y_thr_right]",[],[],"[-0.00157816266041617, 0.00157816266041617, -0.005406872205272341, -0.008981509303657204]"
33081000000,,289,,33,81000000,'',"[x_thr_left, x_thr_right, y_thr_left, y_thr_right]",[],[],"[-0.00018044807809039433, 0.00018044807809039433, 0.0002817276701898152, -0.0001269985089633989]"
33182000000,,290,,33,181000000,'',"[x_thr_left, x_thr_right, y_thr_left, y_thr_right]",[],[],"[-0.0015461268207956071, 0.0015461268207956071, -0.0049417602627318535, -0.008443834181377454]"
33282000000,,291,,33,281000000,'',"[x_thr_left, x_thr_right, y_thr_left, y_thr_right]",[],[],"[-0.004885002057776995, 0.004885002057776995, -0.029248335197853335, -0.04031317028703939]"
33385000000,,292,,33,381000000,'',"[x_thr_left, x_thr_right, y_thr_left, y_thr_right]",[],[],"[0.001957081228139542, -0.001957081228139542, 0.0005895297189739477, 0.005022441064636739]"
33482000000,,293,,33,481000000,'',"[x_thr_left, x_thr_right, y_thr_left, y_thr_right]",[],[],"[0.0023780613019674345, -0.0023780613019674345, -0.01375006754575698, -0.008363610011649236]"
33582000000,,294,,33,581000000,'',"[x_thr_left, x_thr_right, y_thr_left, y_thr_right]",[],[],"[-4.7105599830290435e-05, 4.7105599830290435e-05, -0.01644243414224535, -0.016549131271076562]"
33683000000,,295,,33,682000000,'',"[x_thr_left, x_thr_right, y_thr_left, y_thr_right]",[],[],"[0.0027962769324782373, -0.0027962769324782373, 0.0023100779869158284, 0.008643820072512139]"
33781000000,,296,,33,781000000,'',"[x_thr_left, x_thr_right, y_thr_left, y_thr_right]",[],[],"[-0.0008612273869401416, 0.0008612273869401416, -0.0010211644869729517, -0.002971898365500688]"
33882000000,,297,,33,881000000,'',"[x_thr_left, x_thr_right, y_thr_left, y_thr_right]",[],[],"[0.0001500983652461231, -0.0001500983652461231, -0.004415950572138179, -0.004075968390153071]"
33982000000,,298,,33,981000000,'',"[x_thr_left, x_thr_right, y_thr_left, y_thr_right]",[],[],"[0.00311711600306894, -0.00311711600306894, -0.010378056686399574, -0.00331759404587491]"
34082000000,,299,,34,82000000,'',"[x_thr_left, x_thr_right, y_thr_left, y_thr_right]",[],[],"[0.00044008838599465247, -0.00044008838599465247, -0.0023230711071882118, -0.0013262433969634924]"
34182000000,,300,,34,182000000,'',"[x_thr_left, x_thr_right, y_thr_left, y_thr_right]",[],[],"[0.0010910104603166007, -0.0010910104603166007, -0.003990380417536348, -0.0015191735109268446]"
34282000000,,301,,34,281000000,'',"[x_thr_left, x_thr_right, y_thr_left, y_thr_right]",[],[],"[0.000769165403698745, -0.000769165403698745, -0.004138080390849774, -0.0023958726604180773]"
34382000000,,302,,34,382000000,'',"[x_thr_left, x_thr_right, y_thr_left, y_thr_right]",[],[],"[0.00010622859746526413, -0.00010622859746526413, 0.0007101068258825883, 0.0009507212409445877]"
34482000000,,303,,34,482000000,'',"[x_thr_left, x_thr_right, y_thr_left, y_thr_right]",[],[],"[0.002676260417448542, -0.002676260417448542, -0.023545259326980737, -0.01748336215180125]"
34582000000,,304,,34,581000000,'',"[x_thr_left, x_thr_right, y_thr_left, y_thr_right]",[],[],"[0.0035413719502640985, -0.0035413719502640985, -0.04081903699241804, -0.0327976081054519]"
34683000000,,305,,34,683000000,'',"[x_thr_left, x_thr_right, y_thr_left, y_thr_right]",[],[],"[-0.0038635469729238108, 0.0038635469729238108, 0.02289181679432996, 0.014140641337470512]"
34784000000,,306,,34,783000000,'',"[x_thr_left, x_thr_right, y_thr_left, y_thr_right]",[],[],"[0.00021305335609994347, -0.00021305335609994347, -0.011231132055704085, -0.01074855288325717]"
34882000000,,307,,34,881000000,'',"[x_thr_left, x_thr_right, y_thr_left, y_thr_right]",[],[],"[1.3888025938670048, 1.391197406132995, 0.0016542333969930914, -0.0010579663604825497]"
34981000000,,308,,34,981000000,'',"[x_thr_left, x_thr_right, y_thr_left, y_thr_right]",[],[],"[1.3890802631947288, 1.390919736805271, -0.006425151635528182, -0.00850841300479983]"
35082000000,,309,,35,82000000,'',"[x_thr_left, x_thr_right, y_thr_left, y_thr_right]",[],[],"[1.3906585263272946, 1.3893414736727052, -0.01365974396864383, -0.012168140663829898]"
35182000000,,310,,35,182000000,'',"[x_thr_left, x_thr_right, y_thr_left, y_thr_right]",[],[],"[1.3894756967291402, 1.3905243032708596, 0.0020928975183443005, 0.0009053178284752595]"
35282000000,,311,,35,281000000,'',"[x_thr_left, x_thr_right, y_thr_left, y_thr_right]",[],[],"[1.390840618298561, 1.3891593817014387, -0.011116815411813447, -0.00921276240702032]"
35381000000,,312,,35,381000000,'',"[x_thr_left, x_thr_right, y_thr_left, y_thr_right]",[],[],"[1.39010506487607, 1.3898949351239298, 0.004814688789066294, 0.005052667302408208]"
35483000000,,313,,35,482000000,'',"[x_thr_left, x_thr_right, y_thr_left, y_thr_right]",[],[],"[1.3921957784362884, 1.3878042215637114, -0.0028135699840865585, 0.002160005462262317]"
35584000000,,314,,35,583000000,'',"[x_thr_left, x_thr_right, y_thr_left, y_thr_right]",[],[],"[1.3986050392277405, 1.3813949607722593, -0.04385611263206521, -0.02436516076248625]"
35682000000,,315,,35,681000000,'',"[x_thr_left, x_thr_right, y_thr_left, y_thr_right]",[],[],"[1.391803416631511, 1.3881965833684888, -0.0021431643817737267, 0.0019416870448491714]"
35782000000,,316,,35,782000000,'',"[x_thr_left, x_thr_right, y_thr_left, y_thr_right]",[],[],"[1.3922308038887878, 1.387769196111212, -0.008854981936009268, -0.0038020716498287812]"
35881000000,,317,,35,881000000,'',"[x_thr_left, x_thr_right, y_thr_left, y_thr_right]",[],[],"[1.387089867052858, 1.3929101329471418, 0.02592499587984589, 0.019333362802338723]"
35982000000,,318,,35,982000000,'',"[x_thr_left, x_thr_right, y_thr_left, y_thr_right]",[],[],"[1.3916211207918041, 1.3883788792081957, 0.0005741751415598735, 0.004246115093439377]"
36081000000,,319,,36,81000000,'',"[x_thr_left, x_thr_right, y_thr_left, y_thr_right]",[],[],"[1.3953823828029648, 1.384617617197035, -0.008470719595502309, 0.00372071397961068]"
36181000000,,320,,36,181000000,'',"[x_thr_left, x_thr_right, y_thr_left, y_thr_right]",[],[],"[1.3912516698771942, 1.3887483301228056, 0.004325003655844441, 0.0071601141867005365]"
36282000000,,321,,36,282000000,'',"[x_thr_left, x_thr_right, y_thr_left, y_thr_right]",[],[],"[1.3939627902039142, 1.3860372097960856, -0.0008493149499600111, 0.008126652630145257]"
36381000000,,322,,36,381000000,'',"[x_thr_left, x_thr_right, y_thr_left, y_thr_right]",[],[],"[1.3935652963863168, 1.386434703613683, -0.005560658464303759, 0.002514960766165925]"
36481000000,,323,,36,481000000,'',"[x_thr_left, x_thr_right, y_thr_left, y_thr_right]",[],[],"[1.3963598414081906, 1.3836401585918092, -0.016449067562760357, -0.002043629132498723]"
36581000000,,324,,36,581000000,'',"[x_thr_left, x_thr_right, y_thr_left, y_thr_right]",[],[],"[1.3922135155926418, 1.387786484407358, 0.009862237426850634, 0.01487598864133256]"
36682000000,,325,,36,681000000,'',"[x_thr_left, x_thr_right, y_thr_left, y_thr_right]",[],[],"[1.3868029816024336, 1.3931970183975662, 0.02853311561549284, 0.021291669055639954]"
36782000000,,326,,36,782000000,'',"[x_thr_left, x_thr_right, y_thr_left, y_thr_right]",[],[],"[1.3943459575755008, 1.385654042424499, -0.006114728689656235, 0.003729136944127844]"
36882000000,,327,,36,881000000,'',"[x_thr_left, x_thr_right, y_thr_left, y_thr_right]",[],[],"[1.388037544270022, 1.391962455729978, 0.024852004076988694, 0.020406919148627908]"
36982000000,,328,,36,981000000,'',"[x_thr_left, x_thr_right, y_thr_left, y_thr_right]",[],[],"[1.3951407145470716, 1.3848592854529282, -0.004779704415884685, 0.006864335449640317]"
37082000000,,329,,37,82000000,'',"[x_thr_left, x_thr_right, y_thr_left, y_thr_right]",[],[],"[1.3951448764742753, 1.3848551235257245, -0.0023347900264434444, 0.009318676864417296]"
37182000000,,330,,37,181000000,'',"[x_thr_left, x_thr_right, y_thr_left, y_thr_right]",[],[],"[1.394679107709909, 1.3853208922900908, 0.002186497706724133, 0.012784969224716452]"
37282000000,,331,,37,281000000,'',"[x_thr_left, x_thr_right, y_thr_left, y_thr_right]",[],[],"[1.401471998163435, 1.3785280018365649, -0.024650034478972956, 0.0013347586327865021]"
37382000000,,332,,37,381000000,'',"[x_thr_left, x_thr_right, y_thr_left, y_thr_right]",[],[],"[1.3876735490199137, 1.3923264509800861, 0.021864042718139534, 0.016594485789959937]"
37482000000,,333,,37,481000000,'',"[x_thr_left, x_thr_right, y_thr_left, y_thr_right]",[],[],"[1.395419352252371, 1.3845806477476288, -0.0048643097397107, 0.007410861949773553]"
37581000000,,334,,37,581000000,'',"[x_thr_left, x_thr_right, y_thr_left, y_thr_right]",[],[],"[1.4020582442996739, 1.377941755700326, -0.02401244958680521, 0.003300227677803011]"
37682000000,,335,,37,682000000,'',"[x_thr_left, x_thr_right, y_thr_left, y_thr_right]",[],[],"[1.390472345714493, 1.3895276542855068, 0.00983365398898892, 0.010903546565109428]"
37782000000,,336,,37,781000000,'',"[x_thr_left, x_thr_right, y_thr_left, y_thr_right]",[],[],"[1.3931605221075, 1.3868394778924997, 0.00023733769131676317, 0.007396117872287493]"
37882000000,,337,,37,881000000,'',"[x_thr_left, x_thr_right, y_thr_left, y_thr_right]",[],[],"[1.3967011480143783, 1.3832988519856215, -0.010504413603311984, 0.004674105629710548]"
37982000000,,338,,37,981000000,'',"[x_thr_left, x_thr_right, y_thr_left, y_thr_right]",[],[],"[0.015228691344027634, -0.015228691344027634, -0.03223375045133311, 0.0022601875967628235]"
38082000000,,339,,38,81000000,'',"[x_thr_left, x_thr_right, y_thr_left, y_thr_right]",[],[],"[0.0009292589899430925, -0.0009292589899430925, 0.003449704416576225, 0.00555453412949204]"
38186000000,,340,,38,185000000,'',"[x_thr_left, x_thr_right, y_thr_left, y_thr_right]",[],[],"[0.002228497180259142, -0.002228497180259142, -0.004267569918918249, 0.0007801155282204479]"
38282000000,,341,,38,281000000,'',"[x_thr_left, x_thr_right, y_thr_left, y_thr_right]",[],[],"[0.01618994575300838, -0.01618994575300838, -0.03891002299934436, -0.0022387836137408856]"
38382000000,,342,,38,382000000,'',"[x_thr_left, x_thr_right, y_thr_left, y_thr_right]",[],[],"[-0.019955909080827984, 0.019955909080827984, 0.04738412445475293, 0.002182742669739942]"
38482000000,,343,,38,481000000,'',"[x_thr_left, x_thr_right, y_thr_left, y_thr_right]",[],[],"[-0.002871759305448343, 0.002871759305448343, 0.00321041211852165, -0.0032943022612879243]"
38582000000,,344,,38,581000000,'',"[x_thr_left, x_thr_right, y_thr_left, y_thr_right]",[],[],"[0.002220621659609307, -0.002220621659609307, -0.008757242067518722, -0.0037273951670584596]"
38682000000,,345,,38,681000000,'',"[x_thr_left, x_thr_right, y_thr_left, y_thr_right]",[],[],"[-0.0054895699890612, 0.0054895699890612, 0.009296359879652032, -0.003137859373706557]"
38782000000,,346,,38,781000000,'',"[x_thr_left, x_thr_right, y_thr_left, y_thr_right]",[],[],"[-0.003720117040663862, 0.003720117040663862, 0.001979724970215515, -0.006446572722307499]"
38881000000,,347,,38,881000000,'',"[x_thr_left, x_thr_right, y_thr_left, y_thr_right]",[],[],"[0.011264741951364869, -0.011264741951364869, -0.035382518795185176, -0.009867173962186504]"
38982000000,,348,,38,981000000,'',"[x_thr_left, x_thr_right, y_thr_left, y_thr_right]",[],[],"[-0.014629353041428025, 0.014629353041428025, 0.0324979454484679, -0.00063845387140175]"
39082000000,,349,,39,81000000,'',"[x_thr_left, x_thr_right, y_thr_left, y_thr_right]",[],[],"[0.0016184962149640395, -0.0016184962149640395, -0.02227773506464715, -0.01861173994340897]"
39183000000,,350,,39,183000000,'',"[x_thr_left, x_thr_right, y_thr_left, y_thr_right]",[],[],"[-0.01275748711746425, 0.01275748711746425, 0.03645575512085188, 0.007559249154712231]"
39282000000,,351,,39,282000000,'',"[x_thr_left, x_thr_right, y_thr_left, y_thr_right]",[],[],"[0.012800468446892173, -0.012800468446892173, -0.031013361852749867, -0.0020195004881049406]"
39381000000,,352,,39,381000000,'',"[x_thr_left, x_thr_right, y_thr_left, y_thr_right]",[],[],"[-0.012102625394041529, 0.012102625394041529, 0.0176023686394273, -0.009810834578792949]"
39482000000,,353,,39,482000000,'',"[x_thr_left, x_thr_right, y_thr_left, y_thr_right]",[],[],"[-0.0018680784688691189, 0.0018680784688691189, -0.0006604077651132527, -0.004891722296248211]"
39581000000,,354,,39,581000000,'',"[x_thr_left, x_thr_right, y_thr_left, y_thr_right]",[],[],"[0.022840359976795514, -0.022840359976795514, -0.05388147691162721, -0.0021466335007537113]"
39682000000,,355,,39,682000000,'',"[x_thr_left, x_thr_right, y_thr_left, y_thr_right]",[],[],"[-0.005425433753722899, 0.005425433753722899, 0.009176114096120588, -0.00311283257416309]"
39782000000,,356,,39,781000000,'',"[x_thr_left, x_thr_right, y_thr_left, y_thr_right]",[],[],"[-0.004447761825002429, 0.004447761825002429, 0.006188838667282343, -0.0038856199567995136]"
39881000000,,357,,39,881000000,'',"[x_thr_left, x_thr_right, y_thr_left, y_thr_right]",[],[],"[-0.006939083833926683, 0.006939083833926683, -0.002623591474116534, -0.018341050215039893]"
39982000000,,358,,39,981000000,'',"[x_thr_left, x_thr_right, y_thr_left, y_thr_right]",[],[],"[-0.002150677327825525, 0.002150677327825525, 0.014935730441572403, 0.01006431182577965]"
40081000000,,359,,40,81000000,'',"[x_thr_left, x_thr_right, y_thr_left, y_thr_right]",[],[],"[0.008350699082387211, -0.008350699082387211, -0.02528572614937903, -0.006370870611307963]"
40181000000,,360,,40,181000000,'',"[x_thr_left, x_thr_right, y_thr_left, y_thr_right]",[],[],"[-0.019307360974322414, 0.019307360974322414, 0.04203549670268998, -0.0016968830714715229]"
40282000000,,361,,40,281000000,'',"[x_thr_left, x_thr_right, y_thr_left, y_thr_right]",[],[],"[0.012878666616502226, -0.012878666616502226, -0.030115411864600646, -0.0009444267565513649]"
40382000000,,362,,40,381000000,'',"[x_thr_left, x_thr_right, y_thr_left, y_thr_right]",[],[],"[-0.008869424490561852, 0.008869424490561852, 0.024013543282929983, 0.003923742262720261]"
40481000000,,363,,40,481000000,'',"[x_thr_left, x_thr_right, y_thr_left, y_thr_right]",[],[],"[-0.0020163694216467944, 0.0020163694216467944, 0.005549357026580025, 0.0009821542157070762]"
40582000000,,364,,40,582000000,'',"[x_thr_left, x_thr_right, y_thr_left, y_thr_right]",[],[],"[0.0008584873970477182, -0.0008584873970477182, 0.00040010335809747253, 0.0023446309882046096]"
40682000000,,365,,40,681000000,'',"[x_thr_left, x_thr_right, y_thr_left, y_thr_right]",[],[],"[-0.008567049194290957, 0.008567049194290957, 0.02357904542115579, 0.004174143352616878]"
40782000000,,366,,40,781000000,'',"[x_thr_left, x_thr_right, y_thr_left, y_thr_right]",[],[],"[0.006759161618516662, -0.006759161618516662, -0.011289072142621814, 0.004020851530998248]"
40883000000,,367,,40,882000000,'',"[x_thr_left, x_thr_right, y_thr_left, y_thr_right]",[],[],"[0.013687714111145414, -0.013687714111145414, -0.024891531665965513, 0.0061119966020798475]"
40982000000,,368,,40,981000000,'',"[x_thr_left, x_thr_right, y_thr_left, y_thr_right]",[],[],"[0.006830414624036607, -0.006830414624036607, -0.01335962546907429, 0.002111690717048794]"
41082000000,,369,,41,81000000,'',"[x_thr_left, x_thr_right, y_thr_left, y_thr_right]",[],[],"[1.4166634902430841, 1.3633365097569157, -0.05521267026532502, 0.005181802234878154]"
41182000000,,370,,41,181000000,'',"[x_thr_left, x_thr_right, y_thr_left, y_thr_right]",[],[],"[1.3644175105807812, 1.4155824894192186, 0.058072997078013285, 0.00012705903201871982]"
41283000000,,371,,41,282000000,'',"[x_thr_left, x_thr_right, y_thr_left, y_thr_right]",[],[],"[1.4125351619548376, 1.3674648380451622, -0.050382450848776524, 0.0006610999602580589]"
41382000000,,372,,41,381000000,'',"[x_thr_left, x_thr_right, y_thr_left, y_thr_right]",[],[],"[1.3848533304985617, 1.395146669501438, 0.014572692681504889, 0.0029151644720138217]"
41483000000,,373,,41,483000000,'',"[x_thr_left, x_thr_right, y_thr_left, y_thr_right]",[],[],"[1.4009926253137563, 1.3790073746862435, -0.021549958455812424, 0.003349025179268819]"
41582000000,,374,,41,581000000,'',"[x_thr_left, x_thr_right, y_thr_left, y_thr_right]",[],[],"[1.367986871522349, 1.4120131284776507, 0.048503438286277255, -0.0013576740574732238]"
41681000000,,375,,41,681000000,'',"[x_thr_left, x_thr_right, y_thr_left, y_thr_right]",[],[],"[1.3912348738435754, 1.3887651261564244, -0.001000668341426007, 0.0017963981231336576]"
41782000000,,376,,41,781000000,'',"[x_thr_left, x_thr_right, y_thr_left, y_thr_right]",[],[],"[1.3908780214100822, 1.3891219785899176, 0.0019144064811302828, 0.0039031798720990793]"
41886000000,,377,,41,882000000,'',"[x_thr_left, x_thr_right, y_thr_left, y_thr_right]",[],[],"[1.3907912110189555, 1.3892087889810443, 0.002026783185877851, 0.003818925613239421]"
41981000000,,378,,41,981000000,'',"[x_thr_left, x_thr_right, y_thr_left, y_thr_right]",[],[],"[1.3834262731200333, 1.3965737268799665, 0.020010645280918456, 0.005120742884177127]"
42081000000,,379,,42,81000000,'',"[x_thr_left, x_thr_right, y_thr_left, y_thr_right]",[],[],"[1.395673016488008, 1.3843269835119918, -0.005921767329303077, 0.006927969713921058]"
42183000000,,380,,42,182000000,'',"[x_thr_left, x_thr_right, y_thr_left, y_thr_right]",[],[],"[1.385680685069639, 1.3943193149303608, 0.01460919271813071, 0.004825674341385018]"
42281000000,,381,,42,281000000,'',"[x_thr_left, x_thr_right, y_thr_left, y_thr_right]",[],[],"[1.4373758968391903, 1.3426241031608095, -0.08835285659299351, 0.01895651186333848]"
42382000000,,382,,42,382000000,'',"[x_thr_left, x_thr_right, y_thr_left, y_thr_right]",[],[],"[1.3928709089976525, 1.3871290910023473, 0.001786366681734345, 0.008289155061222507]"
42482000000,,383,,42,482000000,'',"[x_thr_left, x_thr_right, y_thr_left, y_thr_right]",[],[],"[1.3946425803334837, 1.3853574196665162, -0.003907246138951422, 0.006608488587611284]"
42582000000,,384,,42,582000000,'',"[x_thr_left, x_thr_right, y_thr_left, y_thr_right]",[],[],"[1.3687292832526592, 1.4112707167473406, 0.04690997032908349, -0.0012695330271986112]"
42682000000,,385,,42,681000000,'',"[x_thr_left, x_thr_right, y_thr_left, y_thr_right]",[],[],"[1.392709419065594, 1.3872905809344058, -0.0021055406863449847, 0.0040314629000847094]"
42781000000,,386,,42,781000000,'',"[x_thr_left, x_thr_right, y_thr_left, y_thr_right]",[],[],"[1.3978261571496355, 1.3821738428503643, -0.008670380395854707, 0.009056354868240546]"
42881000000,,387,,42,881000000,'',"[x_thr_left, x_thr_right, y_thr_left, y_thr_right]",[],[],"[1.3835645457837473, 1.3964354542162525, 0.025036730342300587, 0.010460024174187666]"
42983000000,,388,,42,981000000,'',"[x_thr_left, x_thr_right, y_thr_left, y_thr_right]",[],[],"[1.4052446377125556, 1.3747553622874442, -0.022744758627404486, 0.011785298942433376]"
43082000000,,389,,43,81000000,'',"[x_thr_left, x_thr_right, y_thr_left, y_thr_right]",[],[],"[1.390455244915387, 1.3895447550846127, 0.0062197271549619525, 0.007250885351902674]"
43182000000,,390,,43,181000000,'',"[x_thr_left, x_thr_right, y_thr_left, y_thr_right]",[],[],"[1.4043429425440435, 1.3756570574559563, -0.017720621289294726, 0.014767040346559917]"
43281000000,,391,,43,281000000,'',"[x_thr_left, x_thr_right, y_thr_left, y_thr_right]",[],[],"[1.3968889982621615, 1.3831110017378383, -0.005894218468420214, 0.009709793320921003]"
43382000000,,392,,43,381000000,'',"[x_thr_left, x_thr_right, y_thr_left, y_thr_right]",[],[],"[1.4083217629906868, 1.371678237009313, -0.025711712112459404, 0.015788226605551372]"
43482000000,,393,,43,482000000,'',"[x_thr_left, x_thr_right, y_thr_left, y_thr_right]",[],[],"[1.3868317698225838, 1.393168230177416, 0.011390251214597682, 0.004214011773330089]"
43582000000,,394,,43,581000000,'',"[x_thr_left, x_thr_right, y_thr_left, y_thr_right]",[],[],"[1.3984336575080145, 1.3815663424919853, -0.00846644958250287, 0.010636311976480486]"
43682000000,,395,,43,681000000,'',"[x_thr_left, x_thr_right, y_thr_left, y_thr_right]",[],[],"[1.3986613542595598, 1.38133864574044, -0.008979114335631564, 0.010639394602041732]"
43782000000,,396,,43,782000000,'',"[x_thr_left, x_thr_right, y_thr_left, y_thr_right]",[],[],"[1.3984182617352372, 1.3815817382647626, -0.012088391978391467, 0.0069794971926507385]"
43882000000,,397,,43,882000000,'',"[x_thr_left, x_thr_right, y_thr_left, y_thr_right]",[],[],"[1.3953088895850925, 1.3846911104149073, -0.007067192851484798, 0.004957773990080649]"
43981000000,,398,,43,981000000,'',"[x_thr_left, x_thr_right, y_thr_left, y_thr_right]",[],[],"[1.4084061861754593, 1.3715938138245405, -0.02613557795019294, 0.015555584559776273]"
44082000000,,399,,44,81000000,'',"[x_thr_left, x_thr_right, y_thr_left, y_thr_right]",[],[],"[1.3979065035444325, 1.3820934964555673, -0.011355991590618324, 0.006552733281244224]"
44182000000,,400,,44,182000000,'',"[x_thr_left, x_thr_right, y_thr_left, y_thr_right]",[],[],"[0.001049644159606004, -0.001049644159606004, -0.0028397524832368074, -0.00046224283411028613]"
44282000000,,401,,44,281000000,'',"[x_thr_left, x_thr_right, y_thr_left, y_thr_right]",[],[],"[0.0006476732347355146, -0.0006476732347355146, -0.003875497712557134, -0.0024084773409650388]"
44382000000,,402,,44,381000000,'',"[x_thr_left, x_thr_right, y_thr_left, y_thr_right]",[],[],"[-0.0026145408927254654, 0.0026145408927254654, 0.0011210692517037617, -0.004801029341045942]"
44482000000,,403,,44,482000000,'',"[x_thr_left, x_thr_right, y_thr_left, y_thr_right]",[],[],"[-0.0030884911003571007, 0.0030884911003571007, 0.0019267004737425568, -0.005068924972405442]"
44583000000,,404,,44,581000000,'',"[x_thr_left, x_thr_right, y_thr_left, y_thr_right]",[],[],"[-0.004026681246073634, 0.004026681246073634, 0.003729796446603852, -0.005390888338695559]"
44681000000,,405,,44,681000000,'',"[x_thr_left, x_thr_right, y_thr_left, y_thr_right]",[],[],"[-0.006324646708155281, 0.006324646708155281, 0.00613894926246069, -0.008186770971718237]"
