rosbagTimestamp,layout,dim,data_offset,data
22514000000,,[],0,"[1.0, -0.6, -0.6, 0.0, 0.0, 0.0, 0.0, 0.0, 0.0]"
22541000000,,[],0,"[1.0, -0.6, -0.6, 0.0, 0.0, 0.0, 0.0, 0.0, 0.0]"
22581000000,,[],0,"[1.0, -0.6, -0.6, 0.0, 0.0, 0.0, 0.0, 0.0, 0.0]"
22622000000,,[],0,"[1.0, -0.6, -0.6, 0.0, 0.0, 0.0, 0.0, 0.0, 0.0]"
22662000000,,[],0,"[1.0, -0.6, -0.6, 0.0, 0.0, 0.0, 0.0, 0.0, 0.0]"
22701000000,,[],0,"[1.0, -0.6, -0.6, 0.0, 0.0, 0.0, 0.0, 0.0, 0.0]"
22747000000,,[],0,"[1.0, -0.6, -0.6, 0.0, 0.0, 0.0, 0.0, 0.0, 0.0]"
22749000000,,[],0,"[1.0, -0.6, -0.6, 0.0, 0.0, 0.0, 0.0, 0.0, 0.0]"
22790000000,,[],0,"[1.0, -0.6, -0.6, 0.0, 0.0, 0.0, 0.0, 0.0, 0.0]"
22815000000,,[],0,"[1.0, -0.6, -0.6, 0.0, 0.0, 0.0, 0.0, 0.0, 0.0]"
22856000000,,[],0,"[1.0, -0.6, -0.6, 0.0, 0.0, 0.0, 0.0, 0.04, 0.0]"
22899000000,,[],0,"[1.0, -0.5999768799999999, -0.6, 0.0, 0.001360000000000099, 0.0, 0.0, 0.04, 0.0]"
22941000000,,[],0,"[1.0, -0.59990752, -0.6, 0.0, 0.0027200000000000557, 0.0, 0.0, 0.04, 0.0]"
22983000000,,[],0,"[1.0, -0.5997919199999999, -0.6, 0.0, 0.0040800000000000124, 0.0, 0.0, 0.04, 0.0]"
23027000000,,[],0,"[1.0, -0.59963008, -0.6, 0.0, 0.005440000000000111, 0.0, 0.0, 0.04, 0.0]"
23028000000,,[],0,"[1.0, -0.599422, -0.6, 0.0, 0.006800000000000068, 0.0, 0.0, 0.04, 0.0]"
23069000000,,[],0,"[1.0, -0.59916768, -0.6, 0.0, 0.008160000000000025, 0.0, 0.0, 0.04, 0.0]"
23086000000,,[],0,"[1.0, -0.59886712, -0.6, 0.0, 0.009519999999999982, 0.0, 0.0, 0.04, 0.0]"
23124000000,,[],0,"[1.0, -0.59852032, -0.6, 0.0, 0.01088000000000008, 0.0, 0.0, 0.04, 0.0]"
23168000000,,[],0,"[1.0, -0.5981272799999999, -0.6, 0.0, 0.012240000000000037, 0.0, 0.0, 0.04, 0.0]"
23215000000,,[],0,"[1.0, -0.597688, -0.6, 0.0, 0.013599999999999994, 0.0, 0.0, 0.04, 0.0]"
23261000000,,[],0,"[1.0, -0.59720248, -0.6, 0.0, 0.014960000000000093, 0.0, 0.0, 0.04, 0.0]"
23261000000,,[],0,"[1.0, -0.59667072, -0.6, 0.0, 0.01632000000000005, 0.0, 0.0, 0.04, 0.0]"
23300000000,,[],0,"[1.0, -0.5960394999999999, -0.6, 0.0, 0.01780000000000001, 0.0, 0.0, 0.04, 0.0]"
23328000000,,[],0,"[1.0, -0.59543032, -0.6, 0.0, 0.01912000000000006, 0.0, 0.0, 0.04, 0.0]"
23364000000,,[],0,"[1.0, -0.5947571199999999, -0.6, 0.0, 0.02048000000000002, 0.0, 0.0, 0.04, 0.0]"
23402000000,,[],0,"[1.0, -0.59401582, -0.6, 0.0, 0.021880000000000024, 0.0, 0.0, 0.04, 0.0]"
23445000000,,[],0,"[1.0, -0.5932719999999999, -0.6, 0.0, 0.023200000000000075, 0.0, 0.0, 0.04, 0.0]"
23487000000,,[],0,"[1.0, -0.59246008, -0.6, 0.0, 0.02456000000000003, 0.0, 0.0, 0.04, 0.0]"
23528000000,,[],0,"[1.0, -0.59160192, -0.6, 0.0, 0.025919999999999988, 0.0, 0.0, 0.04, 0.0]"
23575000000,,[],0,"[1.0, -0.5906975199999999, -0.6, 0.0, 0.027280000000000085, 0.0, 0.0, 0.04, 0.0]"
23577000000,,[],0,"[1.0, -0.58974688, -0.6, 0.0, 0.028640000000000044, 0.0, 0.0, 0.04, 0.0]"
23618000000,,[],0,"[1.0, -0.58875, -0.6, 0.0, 0.03, 0.0, 0.0, 0.04, 0.0]"
23631000000,,[],0,"[1.0, -0.5877068799999999, -0.6, 0.0, 0.031360000000000096, 0.0, 0.0, 0.04, 0.0]"
23673000000,,[],0,"[1.0, -0.5866175199999999, -0.6, 0.0, 0.032720000000000055, 0.0, 0.0, 0.04, 0.0]"
23719000000,,[],0,"[1.0, -0.58548192, -0.6, 0.0, 0.03408000000000001, 0.0, 0.0, 0.04, 0.0]"
23763000000,,[],0,"[1.0, -0.5843000799999999, -0.6, 0.0, 0.03544000000000011, 0.0, 0.0, 0.04, 0.0]"
23806000000,,[],0,"[1.0, -0.5830719999999999, -0.6, 0.0, 0.03680000000000007, 0.0, 0.0, 0.04, 0.0]"
23806000000,,[],0,"[1.0, -0.58179768, -0.6, 0.0, 0.03816000000000003, 0.0, 0.0, 0.04, 0.0]"
23847000000,,[],0,"[1.0, -0.58047712, -0.6, 0.0, 0.039519999999999986, 0.0, 0.0, 0.04, 0.0]"
23870000000,,[],0,"[1.0, -0.5791103199999998, -0.6, 0.0, 0.04088000000000008, 0.0, 0.0, 0.04, 0.0]"
23912000000,,[],0,"[1.0, -0.57769728, -0.6, 0.0, 0.04224000000000004, 0.0, 0.0, 0.04, 0.0]"
23955000000,,[],0,"[1.0, -0.576238, -0.6, 0.0, 0.04359999999999999, 0.0, 0.0, 0.04, 0.0]"
23999000000,,[],0,"[1.0, -0.5747324799999999, -0.6, 0.0, 0.0449600000000001, 0.0, 0.0, 0.04, 0.0]"
24042000000,,[],0,"[1.0, -0.5731807199999999, -0.6, 0.0, 0.04632000000000005, 0.0, 0.0, 0.04, 0.0]"
24042000000,,[],0,"[1.0, -0.57158272, -0.6, 0.0, 0.04768000000000001, 0.0, 0.0, 0.04, 0.0]"
24083000000,,[],0,"[1.0, -0.5699384799999998, -0.6, 0.0, 0.049040000000000104, 0.0, 0.0, 0.04, 0.0]"
24109000000,,[],0,"[1.0, -0.5682479999999999, -0.6, 0.0, 0.05040000000000006, 0.0, 0.0, 0.04, 0.0]"
24152000000,,[],0,"[1.0, -0.56651128, -0.6, 0.0, 0.05176000000000002, 0.0, 0.0, 0.04, 0.0]"
24193000000,,[],0,"[1.0, -0.56472832, -0.6, 0.0, 0.05311999999999998, 0.0, 0.0, 0.04, 0.0]"
24237000000,,[],0,"[1.0, -0.5628991199999999, -0.6, 0.0, 0.05448000000000008, 0.0, 0.0, 0.04, 0.0]"
24280000000,,[],0,"[1.0, -0.5610236799999999, -0.6, 0.0, 0.055840000000000035, 0.0, 0.0, 0.04, 0.0]"
24281000000,,[],0,"[1.0, -0.559102, -0.6, 0.0, 0.05719999999999999, 0.0, 0.0, 0.04, 0.0]"
24323000000,,[],0,"[1.0, -0.5571340799999999, -0.6, 0.0, 0.05856000000000009, 0.0, 0.0, 0.04, 0.0]"
24346000000,,[],0,"[1.0, -0.5551199199999999, -0.6, 0.0, 0.05992000000000004, 0.0, 0.0, 0.04, 0.0]"
24389000000,,[],0,"[1.0, -0.55305952, -0.6, 0.0, 0.06128, 0.0, 0.0, 0.04, 0.0]"
24432000000,,[],0,"[1.0, -0.5509528799999999, -0.6, 0.0, 0.0626400000000001, 0.0, 0.0, 0.04, 0.0]"
24474000000,,[],0,"[1.0, -0.5487999999999998, -0.6, 0.0, 0.06400000000000006, 0.0, 0.0, 0.04, 0.0]"
24516000000,,[],0,"[1.0, -0.54660088, -0.6, 0.0, 0.06536000000000002, 0.0, 0.0, 0.04, 0.0]"
24557000000,,[],0,"[1.0, -0.5443555199999998, -0.6, 0.0, 0.06672000000000011, 0.0, 0.0, 0.04, 0.0]"
24560000000,,[],0,"[1.0, -0.5420639199999998, -0.6, 0.0, 0.06808000000000007, 0.0, 0.0, 0.04, 0.0]"
24605000000,,[],0,"[1.0, -0.5397260799999999, -0.6, 0.0, 0.06944000000000003, 0.0, 0.0, 0.04, 0.0]"
24618000000,,[],0,"[1.0, -0.537342, -0.6, 0.0, 0.07079999999999999, 0.0, 0.0, 0.04, 0.0]"
24659000000,,[],0,"[1.0, -0.5349116799999998, -0.6, 0.0, 0.07216000000000009, 0.0, 0.0, 0.04, 0.0]"
24703000000,,[],0,"[1.0, -0.5324351199999999, -0.6, 0.0, 0.07352000000000004, 0.0, 0.0, 0.04, 0.0]"
24745000000,,[],0,"[1.0, -0.52991232, -0.6, 0.0, 0.07488, 0.0, 0.0, 0.04, 0.0]"
24788000000,,[],0,"[1.0, -0.5273432799999997, -0.6, 0.0, 0.0762400000000001, 0.0, 0.0, 0.04, 0.0]"
24830000000,,[],0,"[1.0, -0.5247279999999999, -0.6, 0.0, 0.07760000000000006, 0.0, 0.0, 0.04, 0.0]"
24831000000,,[],0,"[1.0, -0.52206648, -0.6, 0.0, 0.07896000000000002, 0.0, 0.0, 0.04, 0.0]"
24872000000,,[],0,"[1.0, -0.5193587199999997, -0.6, 0.0, 0.08032000000000011, 0.0, 0.0, 0.04, 0.0]"
24890000000,,[],0,"[1.0, -0.5166047199999998, -0.6, 0.0, 0.08168000000000007, 0.0, 0.0, 0.04, 0.0]"
24931000000,,[],0,"[1.0, -0.5138044799999999, -0.6, 0.0, 0.08304000000000002, 0.0, 0.0, 0.04, 0.0]"
24975000000,,[],0,"[1.0, -0.510958, -0.6, 0.0, 0.08439999999999998, 0.0, 0.0, 0.04, 0.0]"
25017000000,,[],0,"[1.0, -0.5080652799999998, -0.6, 0.0, 0.08576000000000007, 0.0, 0.0, 0.04, 0.0]"
25061000000,,[],0,"[1.0, -0.5051263199999999, -0.6, 0.0, 0.08712000000000003, 0.0, 0.0, 0.04, 0.0]"
25105000000,,[],0,"[1.0, -0.50214112, -0.6, 0.0, 0.08847999999999999, 0.0, 0.0, 0.04, 0.0]"
25106000000,,[],0,"[1.0, -0.4991096799999998, -0.6, 0.0, 0.08984000000000009, 0.0, 0.0, 0.04, 0.0]"
25144000000,,[],0,"[1.0, -0.49603199999999986, -0.6, 0.0, 0.09120000000000004, 0.0, 0.0, 0.04, 0.0]"
25163000000,,[],0,"[1.0, -0.49290807999999997, -0.6, 0.0, 0.09256, 0.0, 0.0, 0.04, 0.0]"
25198000000,,[],0,"[1.0, -0.48964398, -0.6, 0.0, 0.09396000000000002, 0.0, 0.0, 0.04, 0.0]"
25239000000,,[],0,"[1.0, -0.4865215199999998, -0.6, 0.0, 0.09528000000000006, 0.0, 0.0, 0.04, 0.0]"
25282000000,,[],0,"[1.0, -0.48325887999999995, -0.6, 0.0, 0.09664000000000002, 0.0, 0.0, 0.04, 0.0]"
25324000000,,[],0,"[1.0, -0.4799499999999997, -0.6, 0.0, 0.09800000000000011, 0.0, 0.0, 0.04, 0.0]"
25367000000,,[],0,"[1.0, -0.47659487999999983, -0.6, 0.0, 0.09936000000000007, 0.0, 0.0, 0.04, 0.0]"
25368000000,,[],0,"[1.0, -0.4731935199999999, -0.6, 0.0, 0.10072000000000003, 0.0, 0.0, 0.04, 0.0]"
25409000000,,[],0,"[1.0, -0.46974592000000004, -0.6, 0.0, 0.10207999999999999, 0.0, 0.0, 0.04, 0.0]"
25434000000,,[],0,"[1.0, -0.46625207999999974, -0.6, 0.0, 0.10344000000000009, 0.0, 0.0, 0.04, 0.0]"
25475000000,,[],0,"[1.0, -0.4626071799999998, -0.6, 0.0, 0.10484000000000009, 0.0, 0.0, 0.04, 0.0]"
25522000000,,[],0,"[1.0, -0.45912568, -0.6, 0.0, 0.10616, 0.0, 0.0, 0.04, 0.0]"
25568000000,,[],0,"[1.0, -0.45549311999999975, -0.6, 0.0, 0.1075200000000001, 0.0, 0.0, 0.04, 0.0]"
25610000000,,[],0,"[1.0, -0.4517054199999997, -0.6, 0.0, 0.1089200000000001, 0.0, 0.0, 0.04, 0.0]"
25612000000,,[],0,"[1.0, -0.4480892799999999, -0.6, 0.0, 0.11024, 0.0, 0.0, 0.04, 0.0]"
25653000000,,[],0,"[1.0, -0.44431799999999966, -0.6, 0.0, 0.11160000000000012, 0.0, 0.0, 0.04, 0.0]"
25673000000,,[],0,"[1.0, -0.4405004799999998, -0.6, 0.0, 0.11296000000000006, 0.0, 0.0, 0.04, 0.0]"
25713000000,,[],0,"[1.0, -0.4366367199999999, -0.6, 0.0, 0.11432000000000002, 0.0, 0.0, 0.04, 0.0]"
25761000000,,[],0,"[1.0, -0.4327267199999997, -0.6, 0.0, 0.11568000000000012, 0.0, 0.0, 0.04, 0.0]"
25802000000,,[],0,"[1.0, -0.42877047999999973, -0.6, 0.0, 0.11704000000000007, 0.0, 0.0, 0.04, 0.0]"
25844000000,,[],0,"[1.0, -0.42476799999999987, -0.6, 0.0, 0.11840000000000003, 0.0, 0.0, 0.04, 0.0]"
25845000000,,[],0,"[1.0, -0.42071928000000003, -0.6, 0.0, 0.11975999999999999, 0.0, 0.0, 0.04, 0.0]"
25887000000,,[],0,"[1.0, -0.4166243199999997, -0.6, 0.0, 0.12112000000000009, 0.0, 0.0, 0.04, 0.0]"
25910000000,,[],0,"[1.0, -0.41248311999999987, -0.6, 0.0, 0.12248000000000005, 0.0, 0.0, 0.04, 0.0]"
25951000000,,[],0,"[1.0, -0.40829567999999994, -0.6, 0.0, 0.12384, 0.0, 0.0, 0.04, 0.0]"
25993000000,,[],0,"[1.0, -0.40406199999999964, -0.6, 0.0, 0.12520000000000012, 0.0, 0.0, 0.04, 0.0]"
26035000000,,[],0,"[1.0, -0.3997820799999998, -0.6, 0.0, 0.12656000000000006, 0.0, 0.0, 0.04, 0.0]"
26077000000,,[],0,"[1.0, -0.39545591999999996, -0.6, 0.0, 0.12792, 0.0, 0.0, 0.04, 0.0]"
26119000000,,[],0,"[1.0, -0.3910835199999996, -0.6, 0.0, 0.12928000000000012, 0.0, 0.0, 0.04, 0.0]"
26120000000,,[],0,"[1.0, -0.38666487999999977, -0.6, 0.0, 0.13064000000000006, 0.0, 0.0, 0.04, 0.0]"
26161000000,,[],0,"[1.0, -0.3821999999999999, -0.6, 0.0, 0.13200000000000003, 0.0, 0.0, 0.04, 0.0]"
26182000000,,[],0,"[1.0, -0.37768888, -0.6, 0.0, 0.13335999999999998, 0.0, 0.0, 0.04, 0.0]"
26224000000,,[],0,"[1.0, -0.3731315199999997, -0.6, 0.0, 0.1347200000000001, 0.0, 0.0, 0.04, 0.0]"
26268000000,,[],0,"[1.0, -0.36852791999999984, -0.6, 0.0, 0.13608000000000003, 0.0, 0.0, 0.04, 0.0]"
26310000000,,[],0,"[1.0, -0.36387808, -0.6, 0.0, 0.13744, 0.0, 0.0, 0.04, 0.0]"
26352000000,,[],0,"[1.0, -0.35918199999999967, -0.6, 0.0, 0.1388000000000001, 0.0, 0.0, 0.04, 0.0]"
26399000000,,[],0,"[1.0, -0.3544396799999998, -0.6, 0.0, 0.14016000000000006, 0.0, 0.0, 0.04, 0.0]"
26401000000,,[],0,"[1.0, -0.3496511199999999, -0.6, 0.0, 0.14152, 0.0, 0.0, 0.04, 0.0]"
26445000000,,[],0,"[1.0, -0.34481631999999957, -0.6, 0.0, 0.14288000000000012, 0.0, 0.0, 0.04, 0.0]"
26453000000,,[],0,"[1.0, -0.33993527999999973, -0.6, 0.0, 0.14424000000000006, 0.0, 0.0, 0.04, 0.0]"
26495000000,,[],0,"[1.0, -0.33500799999999986, -0.6, 0.0, 0.14560000000000003, 0.0, 0.0, 0.04, 0.0]"
26538000000,,[],0,"[1.0, -0.3300344800000001, -0.6, 0.0, 0.14695999999999998, 0.0, 0.0, 0.04, 0.0]"
26581000000,,[],0,"[1.0, -0.32501471999999965, -0.6, 0.0, 0.1483200000000001, 0.0, 0.0, 0.04, 0.0]"
26627000000,,[],0,"[1.0, -0.31994871999999985, -0.6, 0.0, 0.14968000000000004, 0.0, 0.0, 0.04, 0.0]"
26628000000,,[],0,"[1.0, -0.31483648, -0.6, 0.0, 0.15104, 0.0, 0.0, 0.04, 0.0]"
26674000000,,[],0,"[1.0, -0.3096779999999996, -0.6, 0.0, 0.1524000000000001, 0.0, 0.0, 0.04, 0.0]"
26694000000,,[],0,"[1.0, -0.3044732799999998, -0.6, 0.0, 0.15376000000000006, 0.0, 0.0, 0.04, 0.0]"
26733000000,,[],0,"[1.0, -0.29922231999999993, -0.6, 0.0, 0.15512, 0.0, 0.0, 0.04, 0.0]"
26771000000,,[],0,"[1.0, -0.29392511999999954, -0.6, 0.0, 0.15648000000000012, 0.0, 0.0, 0.04, 0.0]"
26815000000,,[],0,"[1.0, -0.28858167999999973, -0.6, 0.0, 0.15784000000000006, 0.0, 0.0, 0.04, 0.0]"
26851000000,,[],0,"[1.0, -0.28319199999999994, -0.6, 0.0, 0.1592, 0.0, 0.0, 0.04, 0.0]"
26893000000,,[],0,"[1.0, -0.2777560799999995, -0.6, 0.0, 0.16056000000000012, 0.0, 0.0, 0.04, 0.0]"
26936000000,,[],0,"[1.0, -0.2722739199999997, -0.6, 0.0, 0.16192000000000006, 0.0, 0.0, 0.04, 0.0]"
26938000000,,[],0,"[1.0, -0.26674551999999985, -0.6, 0.0, 0.16328000000000004, 0.0, 0.0, 0.04, 0.0]"
26979000000,,[],0,"[1.0, -0.26117088000000005, -0.6, 0.0, 0.16463999999999998, 0.0, 0.0, 0.04, 0.0]"
26998000000,,[],0,"[1.0, -0.2555499999999996, -0.6, 0.0, 0.1660000000000001, 0.0, 0.0, 0.04, 0.0]"
27039000000,,[],0,"[1.0, -0.2498828799999998, -0.6, 0.0, 0.16736000000000004, 0.0, 0.0, 0.04, 0.0]"
27082000000,,[],0,"[1.0, -0.24416951999999997, -0.6, 0.0, 0.16872, 0.0, 0.0, 0.04, 0.0]"
27129000000,,[],0,"[1.0, -0.23823981999999994, -0.6, 0.0, 0.17012000000000002, 0.0, 0.0, 0.04, 0.0]"
27172000000,,[],0,"[1.0, -0.2326040799999997, -0.6, 0.0, 0.17144000000000006, 0.0, 0.0, 0.04, 0.0]"
27174000000,,[],0,"[1.0, -0.22675199999999995, -0.6, 0.0, 0.1728, 0.0, 0.0, 0.04, 0.0]"
27215000000,,[],0,"[1.0, -0.2208536799999995, -0.6, 0.0, 0.17416000000000012, 0.0, 0.0, 0.04, 0.0]"
27236000000,,[],0,"[1.0, -0.21490911999999968, -0.6, 0.0, 0.17552000000000006, 0.0, 0.0, 0.04, 0.0]"
27281000000,,[],0,"[1.0, -0.20891831999999982, -0.6, 0.0, 0.17688000000000004, 0.0, 0.0, 0.04, 0.0]"
27328000000,,[],0,"[1.0, -0.20288128000000005, -0.6, 0.0, 0.17823999999999998, 0.0, 0.0, 0.04, 0.0]"
27370000000,,[],0,"[1.0, -0.19679799999999958, -0.6, 0.0, 0.1796000000000001, 0.0, 0.0, 0.04, 0.0]"
27414000000,,[],0,"[1.0, -0.1904874999999996, -0.6, 0.0, 0.18100000000000008, 0.0, 0.0, 0.04, 0.0]"
27416000000,,[],0,"[1.0, -0.18449271999999994, -0.6, 0.0, 0.18232, 0.0, 0.0, 0.04, 0.0]"
27458000000,,[],0,"[1.0, -0.17827071999999955, -0.6, 0.0, 0.1836800000000001, 0.0, 0.0, 0.04, 0.0]"
27474000000,,[],0,"[1.0, -0.17200247999999974, -0.6, 0.0, 0.18504000000000007, 0.0, 0.0, 0.04, 0.0]"
27516000000,,[],0,"[1.0, -0.16568799999999995, -0.6, 0.0, 0.1864, 0.0, 0.0, 0.04, 0.0]"
27558000000,,[],0,"[1.0, -0.15932727999999946, -0.6, 0.0, 0.18776000000000012, 0.0, 0.0, 0.04, 0.0]"
27601000000,,[],0,"[1.0, -0.15292031999999967, -0.6, 0.0, 0.18912000000000007, 0.0, 0.0, 0.04, 0.0]"
27643000000,,[],0,"[1.0, -0.1464671199999999, -0.6, 0.0, 0.19048, 0.0, 0.0, 0.04, 0.0]"
27686000000,,[],0,"[1.0, -0.1399676800000001, -0.6, 0.0, 0.19183999999999998, 0.0, 0.0, 0.04, 0.0]"
27687000000,,[],0,"[1.0, -0.13342199999999965, -0.6, 0.0, 0.19320000000000007, 0.0, 0.0, 0.04, 0.0]"
27729000000,,[],0,"[1.0, -0.1268300799999998, -0.6, 0.0, 0.19456000000000004, 0.0, 0.0, 0.04, 0.0]"
27746000000,,[],0,"[1.0, -0.12019192000000006, -0.6, 0.0, 0.19591999999999998, 0.0, 0.0, 0.04, 0.0]"
27787000000,,[],0,"[1.0, -0.11350751999999953, -0.6, 0.0, 0.1972800000000001, 0.0, 0.0, 0.04, 0.0]"
27830000000,,[],0,"[1.0, -0.1067768799999998, -0.6, 0.0, 0.19864000000000004, 0.0, 0.0, 0.04, 0.0]"
27874000000,,[],0,"[1.0, -0.09999999999999998, -0.6, 0.0, 0.2, 0.0, 0.0, 0.04, 0.0]"
27915000000,,[],0,"[1.0, -0.0931999999999995, -0.6, 0.0, 0.2, 0.0, 0.0, 0.0, 0.0]"
27958000000,,[],0,"[1.0, -0.0863999999999997, -0.6, 0.0, 0.2, 0.0, 0.0, 0.0, 0.0]"
27959000000,,[],0,"[1.0, -0.0795999999999999, -0.6, 0.0, 0.2, 0.0, 0.0, 0.0, 0.0]"
28001000000,,[],0,"[1.0, -0.07259999999999989, -0.6, 0.0, 0.2, 0.0, 0.0, 0.0, 0.0]"
28019000000,,[],0,"[1.0, -0.06599999999999961, -0.6, 0.0, 0.2, 0.0, 0.0, 0.0, 0.0]"
28058000000,,[],0,"[1.0, -0.05919999999999981, -0.6, 0.0, 0.2, 0.0, 0.0, 0.0, 0.0]"
28099000000,,[],0,"[1.0, -0.0521999999999998, -0.6, 0.0, 0.2, 0.0, 0.0, 0.0, 0.0]"
28142000000,,[],0,"[1.0, -0.045399999999999996, -0.6, 0.0, 0.2, 0.0, 0.0, 0.0, 0.0]"
28186000000,,[],0,"[1.0, -0.038599999999999524, -0.6, 0.0, 0.2, 0.0, 0.0, 0.0, 0.0]"
28228000000,,[],0,"[1.0, -0.03179999999999972, -0.6, 0.0, 0.2, 0.0, 0.0, 0.0, 0.0]"
28229000000,,[],0,"[1.0, -0.025000000000000022, -0.6, 0.0, 0.2, 0.0, 0.0, 0.0, 0.0]"
28270000000,,[],0,"[1.0, -0.01819999999999944, -0.6, 0.0, 0.2, 0.0, 0.0, 0.0, 0.0]"
28294000000,,[],0,"[1.0, -0.011399999999999744, -0.6, 0.0, 0.2, 0.0, 0.0, 0.0, 0.0]"
28334000000,,[],0,"[1.0, -0.0045999999999999375, -0.6, 0.0, 0.2, 0.0, 0.0, 0.0, 0.0]"
28376000000,,[],0,"[1.0, 0.002200000000000535, -0.6, 0.0, 0.2, 0.0, 0.0, 0.0, 0.0]"
28421000000,,[],0,"[1.0, 0.009000000000000341, -0.6, 0.0, 0.2, 0.0, 0.0, 0.0, 0.0]"
28467000000,,[],0,"[1.0, 0.015800000000000147, -0.6, 0.0, 0.2, 0.0, 0.0, 0.0, 0.0]"
28468000000,,[],0,"[1.0, 0.022599999999999953, -0.6, 0.0, 0.2, 0.0, 0.0, 0.0, 0.0]"
28515000000,,[],0,"[1.0, 0.029400000000000426, -0.6, 0.0, 0.2, 0.0, 0.0, 0.0, 0.0]"
28529000000,,[],0,"[1.0, 0.03620000000000023, -0.6, 0.0, 0.2, 0.0, 0.0, 0.0, 0.0]"
28572000000,,[],0,"[1.0, 0.04300000000000004, -0.6, 0.0, 0.2, 0.0, 0.0, 0.0, 0.0]"
28617000000,,[],0,"[1.0, 0.04980000000000051, -0.6, 0.0, 0.2, 0.0, 0.0, 0.0, 0.0]"
28660000000,,[],0,"[1.0, 0.05660000000000032, -0.6, 0.0, 0.2, 0.0, 0.0, 0.0, 0.0]"
28694000000,,[],0,"[1.0, 0.06340000000000001, -0.6, 0.0, 0.2, 0.0, 0.0, 0.0, 0.0]"
28735000000,,[],0,"[1.0, 0.0702000000000006, -0.6, 0.0, 0.2, 0.0, 0.0, 0.0, 0.0]"
28737000000,,[],0,"[1.0, 0.0772000000000006, -0.6, 0.0, 0.2, 0.0, 0.0, 0.0, 0.0]"
28778000000,,[],0,"[1.0, 0.0838000000000001, -0.6, 0.0, 0.2, 0.0, 0.0, 0.0, 0.0]"
28801000000,,[],0,"[1.0, 0.09060000000000057, -0.6, 0.0, 0.2, 0.0, 0.0, 0.0, 0.0]"
28842000000,,[],0,"[1.0, 0.09740000000000038, -0.6, 0.0, 0.2, 0.0, 0.0, 0.0, 0.0]"
28884000000,,[],0,"[1.0, 0.10419118000000016, -0.6, 0.0, 0.19915999999999998, 0.0, 0.0, -0.04, 0.0]"
28928000000,,[],0,"[1.0, 0.11093949999999997, -0.6, 0.0, 0.1978, 0.0, 0.0, -0.04, 0.0]"
28972000000,,[],0,"[1.0, 0.11764158000000047, -0.6, 0.0, 0.19643999999999992, 0.0, 0.0, -0.04, 0.0]"
28974000000,,[],0,"[1.0, 0.12429742000000032, -0.6, 0.0, 0.19507999999999995, 0.0, 0.0, -0.04, 0.0]"
29017000000,,[],0,"[1.0, 0.13110072000000028, -0.6, 0.0, 0.19367999999999996, 0.0, 0.0, -0.04, 0.0]"
29038000000,,[],0,"[1.0, 0.13747038000000045, -0.6, 0.0, 0.1923599999999999, 0.0, 0.0, -0.04, 0.0]"
29080000000,,[],0,"[1.0, 0.14398750000000027, -0.6, 0.0, 0.19099999999999995, 0.0, 0.0, -0.04, 0.0]"
29126000000,,[],0,"[1.0, 0.1504583800000001, -0.6, 0.0, 0.18963999999999998, 0.0, 0.0, -0.04, 0.0]"
29167000000,,[],0,"[1.0, 0.15688302000000065, -0.6, 0.0, 0.1882799999999999, 0.0, 0.0, -0.04, 0.0]"
29206000000,,[],0,"[1.0, 0.16326142000000032, -0.6, 0.0, 0.18691999999999992, 0.0, 0.0, -0.04, 0.0]"
29250000000,,[],0,"[1.0, 0.16959358000000013, -0.6, 0.0, 0.18555999999999997, 0.0, 0.0, -0.04, 0.0]"
29251000000,,[],0,"[1.0, 0.17587949999999997, -0.6, 0.0, 0.18420000000000003, 0.0, 0.0, -0.04, 0.0]"
29293000000,,[],0,"[1.0, 0.18211918000000038, -0.6, 0.0, 0.18283999999999992, 0.0, 0.0, -0.04, 0.0]"
29311000000,,[],0,"[1.0, 0.18831262000000026, -0.6, 0.0, 0.18147999999999997, 0.0, 0.0, -0.04, 0.0]"
29351000000,,[],0,"[1.0, 0.19445981999999995, -0.6, 0.0, 0.18012, 0.0, 0.0, -0.04, 0.0]"
29394000000,,[],0,"[1.0, 0.20056078000000044, -0.6, 0.0, 0.17875999999999992, 0.0, 0.0, -0.04, 0.0]"
29438000000,,[],0,"[1.0, 0.20661550000000017, -0.6, 0.0, 0.17739999999999995, 0.0, 0.0, -0.04, 0.0]"
29481000000,,[],0,"[1.0, 0.21262398000000016, -0.6, 0.0, 0.17604, 0.0, 0.0, -0.04, 0.0]"
29483000000,,[],0,"[1.0, 0.2185862200000005, -0.6, 0.0, 0.1746799999999999, 0.0, 0.0, -0.04, 0.0]"
29530000000,,[],0,"[1.0, 0.2245022200000003, -0.6, 0.0, 0.17331999999999995, 0.0, 0.0, -0.04, 0.0]"
29549000000,,[],0,"[1.0, 0.23037198000000014, -0.6, 0.0, 0.17195999999999997, 0.0, 0.0, -0.04, 0.0]"
29589000000,,[],0,"[1.0, 0.2361955, -0.6, 0.0, 0.17060000000000003, 0.0, 0.0, -0.04, 0.0]"
29633000000,,[],0,"[1.0, 0.24197278000000033, -0.6, 0.0, 0.16923999999999992, 0.0, 0.0, -0.04, 0.0]"
29677000000,,[],0,"[1.0, 0.24770382000000013, -0.6, 0.0, 0.16787999999999997, 0.0, 0.0, -0.04, 0.0]"
29721000000,,[],0,"[1.0, 0.25338861999999995, -0.6, 0.0, 0.16652, 0.0, 0.0, -0.04, 0.0]"
29722000000,,[],0,"[1.0, 0.25902718000000036, -0.6, 0.0, 0.16515999999999992, 0.0, 0.0, -0.04, 0.0]"
29758000000,,[],0,"[1.0, 0.26445567999999997, -0.6, 0.0, 0.16384, 0.0, 0.0, -0.04, 0.0]"
29790000000,,[],0,"[1.0, 0.2701655800000001, -0.6, 0.0, 0.16244, 0.0, 0.0, -0.04, 0.0]"
29821000000,,[],0,"[1.0, 0.2759875000000003, -0.6, 0.0, 0.16099999999999995, 0.0, 0.0, -0.04, 0.0]"
29864000000,,[],0,"[1.0, 0.28111902000000033, -0.6, 0.0, 0.15971999999999995, 0.0, 0.0, -0.04, 0.0]"
29909000000,,[],0,"[1.0, 0.2865263800000001, -0.6, 0.0, 0.15836, 0.0, 0.0, -0.04, 0.0]"
29953000000,,[],0,"[1.0, 0.2918875000000004, -0.6, 0.0, 0.1569999999999999, 0.0, 0.0, -0.04, 0.0]"
29996000000,,[],0,"[1.0, 0.2972023800000003, -0.6, 0.0, 0.15563999999999995, 0.0, 0.0, -0.04, 0.0]"
29997000000,,[],0,"[1.0, 0.30247102000000015, -0.6, 0.0, 0.15427999999999997, 0.0, 0.0, -0.04, 0.0]"
30039000000,,[],0,"[1.0, 0.30769342, -0.6, 0.0, 0.15292, 0.0, 0.0, -0.04, 0.0]"
30058000000,,[],0,"[1.0, 0.3128695800000003, -0.6, 0.0, 0.15155999999999992, 0.0, 0.0, -0.04, 0.0]"
30101000000,,[],0,"[1.0, 0.3179995000000002, -0.6, 0.0, 0.15019999999999994, 0.0, 0.0, -0.04, 0.0]"
30145000000,,[],0,"[1.0, 0.32308318, -0.6, 0.0, 0.14884, 0.0, 0.0, -0.04, 0.0]"
30194000000,,[],0,"[1.0, 0.3281206200000004, -0.6, 0.0, 0.1474799999999999, 0.0, 0.0, -0.04, 0.0]"
30242000000,,[],0,"[1.0, 0.3331118200000003, -0.6, 0.0, 0.14611999999999994, 0.0, 0.0, -0.04, 0.0]"
30242000000,,[],0,"[1.0, 0.33805678000000006, -0.6, 0.0, 0.14476, 0.0, 0.0, -0.04, 0.0]"
30284000000,,[],0,"[1.0, 0.3429555000000004, -0.6, 0.0, 0.1433999999999999, 0.0, 0.0, -0.04, 0.0]"
30296000000,,[],0,"[1.0, 0.34780798000000035, -0.6, 0.0, 0.14203999999999994, 0.0, 0.0, -0.04, 0.0]"
30339000000,,[],0,"[1.0, 0.3526142200000001, -0.6, 0.0, 0.14067999999999997, 0.0, 0.0, -0.04, 0.0]"
30383000000,,[],0,"[1.0, 0.35737421999999996, -0.6, 0.0, 0.13932000000000003, 0.0, 0.0, -0.04, 0.0]"
30428000000,,[],0,"[1.0, 0.3620879800000003, -0.6, 0.0, 0.13795999999999992, 0.0, 0.0, -0.04, 0.0]"
30462000000,,[],0,"[1.0, 0.36702862, -0.6, 0.0, 0.13652000000000003, 0.0, 0.0, -0.04, 0.0]"
30501000000,,[],0,"[1.0, 0.3715120000000002, -0.6, 0.0, 0.13519999999999996, 0.0, 0.0, -0.04, 0.0]"
30544000000,,[],0,"[1.0, 0.37608568, -0.6, 0.0, 0.13384000000000001, 0.0, 0.0, -0.04, 0.0]"
30545000000,,[],0,"[1.0, 0.38061312000000036, -0.6, 0.0, 0.1324799999999999, 0.0, 0.0, -0.04, 0.0]"
30588000000,,[],0,"[1.0, 0.3850943200000002, -0.6, 0.0, 0.13111999999999996, 0.0, 0.0, -0.04, 0.0]"
30605000000,,[],0,"[1.0, 0.3895292800000001, -0.6, 0.0, 0.12976, 0.0, 0.0, -0.04, 0.0]"
30640000000,,[],0,"[1.0, 0.3939180000000003, -0.6, 0.0, 0.1283999999999999, 0.0, 0.0, -0.04, 0.0]"
30682000000,,[],0,"[1.0, 0.39826048000000025, -0.6, 0.0, 0.12703999999999993, 0.0, 0.0, -0.04, 0.0]"
30721000000,,[],0,"[1.0, 0.4025567200000001, -0.6, 0.0, 0.12567999999999996, 0.0, 0.0, -0.04, 0.0]"
30764000000,,[],0,"[1.0, 0.4068067200000004, -0.6, 0.0, 0.12431999999999988, 0.0, 0.0, -0.04, 0.0]"
30805000000,,[],0,"[1.0, 0.4110104800000002, -0.6, 0.0, 0.12295999999999992, 0.0, 0.0, -0.04, 0.0]"
30849000000,,[],0,"[1.0, 0.4151680000000001, -0.6, 0.0, 0.12159999999999997, 0.0, 0.0, -0.04, 0.0]"
30850000000,,[],0,"[1.0, 0.41927928000000014, -0.6, 0.0, 0.12024000000000001, 0.0, 0.0, -0.04, 0.0]"
30891000000,,[],0,"[1.0, 0.42334432000000033, -0.6, 0.0, 0.11887999999999992, 0.0, 0.0, -0.04, 0.0]"
30910000000,,[],0,"[1.0, 0.4273631200000002, -0.6, 0.0, 0.11751999999999996, 0.0, 0.0, -0.04, 0.0]"
30949000000,,[],0,"[1.0, 0.43133568, -0.6, 0.0, 0.11616, 0.0, 0.0, -0.04, 0.0]"
30997000000,,[],0,"[1.0, 0.43526200000000037, -0.6, 0.0, 0.1147999999999999, 0.0, 0.0, -0.04, 0.0]"
31040000000,,[],0,"[1.0, 0.4391420800000002, -0.6, 0.0, 0.11343999999999994, 0.0, 0.0, -0.04, 0.0]"
31083000000,,[],0,"[1.0, 0.44297591999999997, -0.6, 0.0, 0.11208, 0.0, 0.0, -0.04, 0.0]"
31084000000,,[],0,"[1.0, 0.4467635200000003, -0.6, 0.0, 0.11071999999999989, 0.0, 0.0, -0.04, 0.0]"
31123000000,,[],0,"[1.0, 0.45050488000000033, -0.6, 0.0, 0.10935999999999994, 0.0, 0.0, -0.04, 0.0]"
31148000000,,[],0,"[1.0, 0.45420000000000005, -0.6, 0.0, 0.10799999999999998, 0.0, 0.0, -0.04, 0.0]"
31188000000,,[],0,"[1.0, 0.4578488799999999, -0.6, 0.0, 0.10664000000000003, 0.0, 0.0, -0.04, 0.0]"
31231000000,,[],0,"[1.0, 0.4614515200000001, -0.6, 0.0, 0.10527999999999993, 0.0, 0.0, -0.04, 0.0]"
31274000000,,[],0,"[1.0, 0.46500792, -0.6, 0.0, 0.10391999999999997, 0.0, 0.0, -0.04, 0.0]"
31317000000,,[],0,"[1.0, 0.46851808000000006, -0.6, 0.0, 0.10256000000000001, 0.0, 0.0, -0.04, 0.0]"
31360000000,,[],0,"[1.0, 0.47198200000000023, -0.6, 0.0, 0.10119999999999992, 0.0, 0.0, -0.04, 0.0]"
31360000000,,[],0,"[1.0, 0.4753996800000001, -0.6, 0.0, 0.09983999999999996, 0.0, 0.0, -0.04, 0.0]"
31406000000,,[],0,"[1.0, 0.4787711199999999, -0.6, 0.0, 0.09848, 0.0, 0.0, -0.04, 0.0]"
31420000000,,[],0,"[1.0, 0.48209632000000024, -0.6, 0.0, 0.0971199999999999, 0.0, 0.0, -0.04, 0.0]"
31459000000,,[],0,"[1.0, 0.4853752800000001, -0.6, 0.0, 0.09575999999999994, 0.0, 0.0, -0.04, 0.0]"
31503000000,,[],0,"[1.0, 0.48860800000000004, -0.6, 0.0, 0.09439999999999998, 0.0, 0.0, -0.04, 0.0]"
31545000000,,[],0,"[1.0, 0.4917944799999999, -0.6, 0.0, 0.09304000000000003, 0.0, 0.0, -0.04, 0.0]"
31587000000,,[],0,"[1.0, 0.49493472000000016, -0.6, 0.0, 0.09167999999999993, 0.0, 0.0, -0.04, 0.0]"
31629000000,,[],0,"[1.0, 0.4980287200000001, -0.6, 0.0, 0.09031999999999997, 0.0, 0.0, -0.04, 0.0]"
31630000000,,[],0,"[1.0, 0.5010764799999999, -0.6, 0.0, 0.08896000000000001, 0.0, 0.0, -0.04, 0.0]"
31676000000,,[],0,"[1.0, 0.5040780000000001, -0.6, 0.0, 0.08759999999999991, 0.0, 0.0, -0.04, 0.0]"
31692000000,,[],0,"[1.0, 0.50703328, -0.6, 0.0, 0.08623999999999996, 0.0, 0.0, -0.04, 0.0]"
31734000000,,[],0,"[1.0, 0.5099423200000001, -0.6, 0.0, 0.08488000000000001, 0.0, 0.0, -0.04, 0.0]"
31777000000,,[],0,"[1.0, 0.5128051200000002, -0.6, 0.0, 0.0835199999999999, 0.0, 0.0, -0.04, 0.0]"
31820000000,,[],0,"[1.0, 0.5156216800000003, -0.6, 0.0, 0.08215999999999996, 0.0, 0.0, -0.04, 0.0]"
31861000000,,[],0,"[1.0, 0.5183920000000001, -0.6, 0.0, 0.0808, 0.0, 0.0, -0.04, 0.0]"
31902000000,,[],0,"[1.0, 0.5211160800000002, -0.6, 0.0, 0.07943999999999989, 0.0, 0.0, -0.04, 0.0]"
31904000000,,[],0,"[1.0, 0.5237939200000002, -0.6, 0.0, 0.07807999999999994, 0.0, 0.0, -0.04, 0.0]"
31946000000,,[],0,"[1.0, 0.52642552, -0.6, 0.0, 0.07671999999999998, 0.0, 0.0, -0.04, 0.0]"
31964000000,,[],0,"[1.0, 0.5290108799999999, -0.6, 0.0, 0.07536000000000002, 0.0, 0.0, -0.04, 0.0]"
32004000000,,[],0,"[1.0, 0.5315500000000001, -0.6, 0.0, 0.07399999999999993, 0.0, 0.0, -0.04, 0.0]"
32046000000,,[],0,"[1.0, 0.5340428800000004, -0.6, 0.0, 0.07263999999999982, 0.0, 0.0, -0.04, 0.0]"
32091000000,,[],0,"[1.0, 0.5364895200000003, -0.6, 0.0, 0.07127999999999987, 0.0, 0.0, -0.04, 0.0]"
32131000000,,[],0,"[1.0, 0.53888992, -0.6, 0.0, 0.0699199999999999, 0.0, 0.0, -0.04, 0.0]"
32173000000,,[],0,"[1.0, 0.5412440800000001, -0.6, 0.0, 0.06855999999999995, 0.0, 0.0, -0.04, 0.0]"
32176000000,,[],0,"[1.0, 0.5435520000000001, -0.6, 0.0, 0.06720000000000001, 0.0, 0.0, -0.04, 0.0]"
32216000000,,[],0,"[1.0, 0.5458136800000001, -0.6, 0.0, 0.06584000000000004, 0.0, 0.0, -0.04, 0.0]"
32236000000,,[],0,"[1.0, 0.5480291199999999, -0.6, 0.0, 0.06448000000000009, 0.0, 0.0, -0.04, 0.0]"
32283000000,,[],0,"[1.0, 0.5501983200000004, -0.6, 0.0, 0.06311999999999984, 0.0, 0.0, -0.04, 0.0]"
32326000000,,[],0,"[1.0, 0.5523212800000002, -0.6, 0.0, 0.0617599999999999, 0.0, 0.0, -0.04, 0.0]"
32369000000,,[],0,"[1.0, 0.5543980000000001, -0.6, 0.0, 0.060399999999999926, 0.0, 0.0, -0.04, 0.0]"
32414000000,,[],0,"[1.0, 0.55642848, -0.6, 0.0, 0.05903999999999998, 0.0, 0.0, -0.04, 0.0]"
32415000000,,[],0,"[1.0, 0.5584127199999999, -0.6, 0.0, 0.05768000000000001, 0.0, 0.0, -0.04, 0.0]"
32457000000,,[],0,"[1.0, 0.5603507199999999, -0.6, 0.0, 0.056320000000000064, 0.0, 0.0, -0.04, 0.0]"
32474000000,,[],0,"[1.0, 0.5622424799999998, -0.6, 0.0, 0.05496000000000009, 0.0, 0.0, -0.04, 0.0]"
32514000000,,[],0,"[1.0, 0.5640880000000003, -0.6, 0.0, 0.05359999999999987, 0.0, 0.0, -0.04, 0.0]"
32557000000,,[],0,"[1.0, 0.5658872800000002, -0.6, 0.0, 0.0522399999999999, 0.0, 0.0, -0.04, 0.0]"
32602000000,,[],0,"[1.0, 0.5676403200000001, -0.6, 0.0, 0.05087999999999995, 0.0, 0.0, -0.04, 0.0]"
32647000000,,[],0,"[1.0, 0.5693471200000001, -0.6, 0.0, 0.04951999999999998, 0.0, 0.0, -0.04, 0.0]"
32648000000,,[],0,"[1.0, 0.57100768, -0.6, 0.0, 0.048160000000000036, 0.0, 0.0, -0.04, 0.0]"
32686000000,,[],0,"[1.0, 0.5726219999999999, -0.6, 0.0, 0.046800000000000064, 0.0, 0.0, -0.04, 0.0]"
32710000000,,[],0,"[1.0, 0.5741900800000003, -0.6, 0.0, 0.04543999999999984, 0.0, 0.0, -0.04, 0.0]"
32751000000,,[],0,"[1.0, 0.5757119200000002, -0.6, 0.0, 0.04407999999999987, 0.0, 0.0, -0.04, 0.0]"
32793000000,,[],0,"[1.0, 0.57718752, -0.6, 0.0, 0.042719999999999925, 0.0, 0.0, -0.04, 0.0]"
32836000000,,[],0,"[1.0, 0.5786168800000001, -0.6, 0.0, 0.04135999999999995, 0.0, 0.0, -0.04, 0.0]"
32878000000,,[],0,"[1.0, 0.58, -0.6, 0.0, 0.04000000000000001, 0.0, 0.0, -0.04, 0.0]"
32921000000,,[],0,"[1.0, 0.58133688, -0.6, 0.0, 0.03864000000000006, 0.0, 0.0, -0.04, 0.0]"
